﻿<?xml version="1.0" encoding="utf-8"?>
<TransXChange xmlns:xsi="http://www.w3.org/2001/XMLSchema-instance" SchemaVersion="2.4" CreationDateTime="2013-01-25T11:38:36" ModificationDateTime="2026-02-04T08:37:27" Modification="revise" RevisionNumber="74" FileName="ENSB_88_ENSBPF00019616588_20260223_20260327_2296024.xml" xmlns="http://www.transxchange.org.uk/">
  <ServicedOrganisations>
    <ServicedOrganisation>
      <OrganisationCode>HRSD:2</OrganisationCode>
      <Name>Harris Riverside Purfleet School Working Days </Name>
      <WorkingDays>
        <DateRange>
          <StartDate>2025-09-03</StartDate>
          <EndDate>2025-10-17</EndDate>
        </DateRange>
        <DateRange>
          <StartDate>2025-11-03</StartDate>
          <EndDate>2025-12-19</EndDate>
        </DateRange>
        <DateRange>
          <StartDate>2026-01-05</StartDate>
          <EndDate>2026-02-13</EndDate>
        </DateRange>
        <DateRange>
          <StartDate>2026-02-23</StartDate>
          <EndDate>2026-03-27</EndDate>
        </DateRange>
        <DateRange>
          <StartDate>2026-04-13</StartDate>
          <EndDate>2026-05-01</EndDate>
        </DateRange>
        <DateRange>
          <StartDate>2026-05-05</StartDate>
          <EndDate>2026-05-22</EndDate>
        </DateRange>
        <DateRange>
          <StartDate>2026-06-01</StartDate>
          <EndDate>2026-07-17</EndDate>
        </DateRange>
      </WorkingDays>
    </ServicedOrganisation>
    <ServicedOrganisation>
      <OrganisationCode>HCHSD:2</OrganisationCode>
      <Name>Harris Chafford Hundred School Working Days </Name>
      <WorkingDays>
        <DateRange>
          <StartDate>2025-09-03</StartDate>
          <EndDate>2025-10-09</EndDate>
        </DateRange>
        <DateRange>
          <StartDate>2025-10-13</StartDate>
          <EndDate>2025-10-17</EndDate>
        </DateRange>
        <DateRange>
          <StartDate>2025-11-03</StartDate>
          <EndDate>2025-12-19</EndDate>
        </DateRange>
        <DateRange>
          <StartDate>2026-01-05</StartDate>
          <EndDate>2026-02-12</EndDate>
        </DateRange>
        <DateRange>
          <StartDate>2026-02-23</StartDate>
          <EndDate>2026-03-27</EndDate>
        </DateRange>
        <DateRange>
          <StartDate>2026-04-13</StartDate>
          <EndDate>2026-05-01</EndDate>
        </DateRange>
        <DateRange>
          <StartDate>2026-05-05</StartDate>
          <EndDate>2026-05-22</EndDate>
        </DateRange>
        <DateRange>
          <StartDate>2026-06-01</StartDate>
          <EndDate>2026-07-17</EndDate>
        </DateRange>
      </WorkingDays>
    </ServicedOrganisation>
    <ServicedOrganisation>
      <OrganisationCode>OPASD:2</OrganisationCode>
      <Name>Ormiston Park Academy </Name>
      <WorkingDays>
        <DateRange>
          <StartDate>2025-09-01</StartDate>
          <EndDate>2025-10-17</EndDate>
        </DateRange>
        <DateRange>
          <StartDate>2025-11-03</StartDate>
          <EndDate>2025-12-19</EndDate>
        </DateRange>
        <DateRange>
          <StartDate>2026-01-05</StartDate>
          <EndDate>2026-02-13</EndDate>
        </DateRange>
        <DateRange>
          <StartDate>2026-02-23</StartDate>
          <EndDate>2026-03-27</EndDate>
        </DateRange>
        <DateRange>
          <StartDate>2026-04-13</StartDate>
          <EndDate>2026-05-01</EndDate>
        </DateRange>
        <DateRange>
          <StartDate>2026-05-05</StartDate>
          <EndDate>2026-05-22</EndDate>
        </DateRange>
        <DateRange>
          <StartDate>2026-06-01</StartDate>
          <EndDate>2026-07-20</EndDate>
        </DateRange>
      </WorkingDays>
    </ServicedOrganisation>
    <ServicedOrganisation>
      <OrganisationCode>WESSD:2</OrganisationCode>
      <Name>William Edwards School Working Days </Name>
      <WorkingDays>
        <DateRange>
          <StartDate>2025-09-03</StartDate>
          <EndDate>2025-10-17</EndDate>
        </DateRange>
        <DateRange>
          <StartDate>2025-11-03</StartDate>
          <EndDate>2025-12-18</EndDate>
        </DateRange>
        <DateRange>
          <StartDate>2026-01-06</StartDate>
          <EndDate>2026-02-13</EndDate>
        </DateRange>
        <DateRange>
          <StartDate>2026-02-23</StartDate>
          <EndDate>2026-03-27</EndDate>
        </DateRange>
        <DateRange>
          <StartDate>2026-04-13</StartDate>
          <EndDate>2026-05-01</EndDate>
        </DateRange>
        <DateRange>
          <StartDate>2026-05-05</StartDate>
          <EndDate>2026-05-22</EndDate>
        </DateRange>
        <DateRange>
          <StartDate>2026-06-01</StartDate>
          <EndDate>2026-07-17</EndDate>
        </DateRange>
      </WorkingDays>
    </ServicedOrganisation>
    <ServicedOrganisation>
      <OrganisationCode>PCD:2</OrganisationCode>
      <Name>USP Palmers College Working Days </Name>
      <WorkingDays>
        <DateRange>
          <StartDate>2025-09-08</StartDate>
          <EndDate>2025-10-24</EndDate>
        </DateRange>
        <DateRange>
          <StartDate>2025-11-03</StartDate>
          <EndDate>2025-12-19</EndDate>
        </DateRange>
        <DateRange>
          <StartDate>2026-01-05</StartDate>
          <EndDate>2026-02-13</EndDate>
        </DateRange>
        <DateRange>
          <StartDate>2026-02-23</StartDate>
          <EndDate>2026-03-27</EndDate>
        </DateRange>
        <DateRange>
          <StartDate>2026-04-13</StartDate>
          <EndDate>2026-05-01</EndDate>
        </DateRange>
        <DateRange>
          <StartDate>2026-05-05</StartDate>
          <EndDate>2026-05-22</EndDate>
        </DateRange>
        <DateRange>
          <StartDate>2026-06-01</StartDate>
          <EndDate>2026-07-10</EndDate>
        </DateRange>
      </WorkingDays>
    </ServicedOrganisation>
    <ServicedOrganisation>
      <OrganisationCode>DGSWD:2</OrganisationCode>
      <Name>Dartford Grammar School Working Days</Name>
      <WorkingDays>
        <DateRange>
          <StartDate>2025-09-02</StartDate>
          <EndDate>2025-09-25</EndDate>
        </DateRange>
        <DateRange>
          <StartDate>2025-09-29</StartDate>
          <EndDate>2025-10-15</EndDate>
        </DateRange>
        <DateRange>
          <StartDate>2025-10-27</StartDate>
          <EndDate>2025-11-26</EndDate>
        </DateRange>
        <DateRange>
          <StartDate>2025-12-01</StartDate>
          <EndDate>2025-12-19</EndDate>
        </DateRange>
        <DateRange>
          <StartDate>2026-01-05</StartDate>
          <EndDate>2026-02-13</EndDate>
        </DateRange>
        <DateRange>
          <StartDate>2026-02-23</StartDate>
          <EndDate>2026-03-03</EndDate>
        </DateRange>
        <DateRange>
          <StartDate>2026-03-05</StartDate>
          <EndDate>2026-04-02</EndDate>
        </DateRange>
        <DateRange>
          <StartDate>2026-04-20</StartDate>
          <EndDate>2026-05-01</EndDate>
        </DateRange>
        <DateRange>
          <StartDate>2026-05-05</StartDate>
          <EndDate>2026-05-22</EndDate>
        </DateRange>
        <DateRange>
          <StartDate>2026-06-01</StartDate>
          <EndDate>2026-07-17</EndDate>
        </DateRange>
      </WorkingDays>
    </ServicedOrganisation>
    <ServicedOrganisation>
      <OrganisationCode>GGSWD:2</OrganisationCode>
      <Name>Gravesend Grammar School Working Days </Name>
      <WorkingDays>
        <DateRange>
          <StartDate>2025-09-02</StartDate>
          <EndDate>2025-10-17</EndDate>
        </DateRange>
        <DateRange>
          <StartDate>2025-11-03</StartDate>
          <EndDate>2025-12-19</EndDate>
        </DateRange>
        <DateRange>
          <StartDate>2026-01-05</StartDate>
          <EndDate>2026-02-13</EndDate>
        </DateRange>
        <DateRange>
          <StartDate>2026-02-23</StartDate>
          <EndDate>2026-04-02</EndDate>
        </DateRange>
        <DateRange>
          <StartDate>2026-04-20</StartDate>
          <EndDate>2026-05-01</EndDate>
        </DateRange>
        <DateRange>
          <StartDate>2026-05-05</StartDate>
          <EndDate>2026-05-22</EndDate>
        </DateRange>
        <DateRange>
          <StartDate>2026-06-01</StartDate>
          <EndDate>2026-07-22</EndDate>
        </DateRange>
      </WorkingDays>
    </ServicedOrganisation>
  </ServicedOrganisations>
  <StopPoints>
    <AnnotatedStopPointRef>
      <StopPointRef>1590060005</StopPointRef>
      <CommonName>Grays Bus Station, 5</CommonName>
      <Location>
        <Longitude>0.320207</Longitude>
        <Latitude>51.476822</Latitude>
      </Location>
    </AnnotatedStopPointRef>
    <AnnotatedStopPointRef>
      <StopPointRef>1590060004</StopPointRef>
      <CommonName>Grays Bus Station, 4</CommonName>
      <Location>
        <Longitude>0.319697</Longitude>
        <Latitude>51.476697</Latitude>
      </Location>
    </AnnotatedStopPointRef>
    <AnnotatedStopPointRef>
      <StopPointRef>1590017601</StopPointRef>
      <CommonName>Stanley Road</CommonName>
      <Location>
        <Longitude>0.326698</Longitude>
        <Latitude>51.478996</Latitude>
      </Location>
    </AnnotatedStopPointRef>
    <AnnotatedStopPointRef>
      <StopPointRef>1590700101</StopPointRef>
      <CommonName>Stanley Road</CommonName>
      <Location>
        <Longitude>0.326425</Longitude>
        <Latitude>51.479019</Latitude>
      </Location>
    </AnnotatedStopPointRef>
    <AnnotatedStopPointRef>
      <StopPointRef>1590017501</StopPointRef>
      <CommonName>Orsett Road</CommonName>
      <Location>
        <Longitude>0.326999</Longitude>
        <Latitude>51.480426</Latitude>
      </Location>
    </AnnotatedStopPointRef>
    <AnnotatedStopPointRef>
      <StopPointRef>1590017401</StopPointRef>
      <CommonName>Orsett Road</CommonName>
      <Location>
        <Longitude>0.327354</Longitude>
        <Latitude>51.480010</Latitude>
      </Location>
    </AnnotatedStopPointRef>
    <AnnotatedStopPointRef>
      <StopPointRef>1590017201</StopPointRef>
      <CommonName>Russell Road</CommonName>
      <Location>
        <Longitude>0.325214</Longitude>
        <Latitude>51.483513</Latitude>
      </Location>
    </AnnotatedStopPointRef>
    <AnnotatedStopPointRef>
      <StopPointRef>1590017301</StopPointRef>
      <CommonName>Russell Road</CommonName>
      <Location>
        <Longitude>0.324722</Longitude>
        <Latitude>51.484323</Latitude>
      </Location>
    </AnnotatedStopPointRef>
    <AnnotatedStopPointRef>
      <StopPointRef>1590017101</StopPointRef>
      <CommonName>Ward Avenue</CommonName>
      <Location>
        <Longitude>0.324588</Longitude>
        <Latitude>51.486502</Latitude>
      </Location>
    </AnnotatedStopPointRef>
    <AnnotatedStopPointRef>
      <StopPointRef>1590705116</StopPointRef>
      <CommonName>Hathaway Road Shops</CommonName>
      <Location>
        <Longitude>0.324988</Longitude>
        <Latitude>51.485882</Latitude>
      </Location>
    </AnnotatedStopPointRef>
    <AnnotatedStopPointRef>
      <StopPointRef>1590021101</StopPointRef>
      <CommonName>Thurloe Walk</CommonName>
      <Location>
        <Longitude>0.326600</Longitude>
        <Latitude>51.489808</Latitude>
      </Location>
    </AnnotatedStopPointRef>
    <AnnotatedStopPointRef>
      <StopPointRef>1590021001</StopPointRef>
      <CommonName>Thurloe Walk</CommonName>
      <Location>
        <Longitude>0.326900</Longitude>
        <Latitude>51.490035</Latitude>
      </Location>
    </AnnotatedStopPointRef>
    <AnnotatedStopPointRef>
      <StopPointRef>1590023001</StopPointRef>
      <CommonName>Piggs Corner</CommonName>
      <Location>
        <Longitude>0.337516</Longitude>
        <Latitude>51.489168</Latitude>
      </Location>
    </AnnotatedStopPointRef>
    <AnnotatedStopPointRef>
      <StopPointRef>1590023201</StopPointRef>
      <CommonName>The Oak</CommonName>
      <Location>
        <Longitude>0.341139</Longitude>
        <Latitude>51.489032</Latitude>
      </Location>
    </AnnotatedStopPointRef>
    <AnnotatedStopPointRef>
      <StopPointRef>1590023101</StopPointRef>
      <CommonName>The Oak</CommonName>
      <Location>
        <Longitude>0.341035</Longitude>
        <Latitude>51.489302</Latitude>
      </Location>
    </AnnotatedStopPointRef>
    <AnnotatedStopPointRef>
      <StopPointRef>1590023501</StopPointRef>
      <CommonName>Leisure Centre</CommonName>
      <Location>
        <Longitude>0.340931</Longitude>
        <Latitude>51.490601</Latitude>
      </Location>
    </AnnotatedStopPointRef>
    <AnnotatedStopPointRef>
      <StopPointRef>1590023601</StopPointRef>
      <CommonName>Leisure Centre</CommonName>
      <Location>
        <Longitude>0.340461</Longitude>
        <Latitude>51.491546</Latitude>
      </Location>
    </AnnotatedStopPointRef>
    <AnnotatedStopPointRef>
      <StopPointRef>1590023801</StopPointRef>
      <CommonName>Library</CommonName>
      <Location>
        <Longitude>0.340013</Longitude>
        <Latitude>51.493767</Latitude>
      </Location>
    </AnnotatedStopPointRef>
    <AnnotatedStopPointRef>
      <StopPointRef>1590023701</StopPointRef>
      <CommonName>Library</CommonName>
      <Location>
        <Longitude>0.340202</Longitude>
        <Latitude>51.492954</Latitude>
      </Location>
    </AnnotatedStopPointRef>
    <AnnotatedStopPointRef>
      <StopPointRef>1590704701</StopPointRef>
      <CommonName>Laird Avenue</CommonName>
      <Location>
        <Longitude>0.340947</Longitude>
        <Latitude>51.494558</Latitude>
      </Location>
    </AnnotatedStopPointRef>
    <AnnotatedStopPointRef>
      <StopPointRef>15907075130</StopPointRef>
      <CommonName>Laird Avenue</CommonName>
      <Location>
        <Longitude>0.341541</Longitude>
        <Latitude>51.494340</Latitude>
      </Location>
    </AnnotatedStopPointRef>
    <AnnotatedStopPointRef>
      <StopPointRef>1590704501</StopPointRef>
      <CommonName>Laird Avenue</CommonName>
      <Location>
        <Longitude>0.342765</Longitude>
        <Latitude>51.494621</Latitude>
      </Location>
    </AnnotatedStopPointRef>
    <AnnotatedStopPointRef>
      <StopPointRef>1590023901</StopPointRef>
      <CommonName>Jesmond Road</CommonName>
      <Location>
        <Longitude>0.345796</Longitude>
        <Latitude>51.495550</Latitude>
      </Location>
    </AnnotatedStopPointRef>
    <AnnotatedStopPointRef>
      <StopPointRef>1590700801</StopPointRef>
      <CommonName>Jesmond Road</CommonName>
      <Location>
        <Longitude>0.345562</Longitude>
        <Latitude>51.495491</Latitude>
      </Location>
    </AnnotatedStopPointRef>
    <AnnotatedStopPointRef>
      <StopPointRef>1590704601</StopPointRef>
      <CommonName>Kerry Road</CommonName>
      <Location>
        <Longitude>0.345313</Longitude>
        <Latitude>51.497097</Latitude>
      </Location>
    </AnnotatedStopPointRef>
    <AnnotatedStopPointRef>
      <StopPointRef>1590703101</StopPointRef>
      <CommonName>Kerry Road</CommonName>
      <Location>
        <Longitude>0.345655</Longitude>
        <Latitude>51.497018</Latitude>
      </Location>
    </AnnotatedStopPointRef>
    <AnnotatedStopPointRef>
      <StopPointRef>159007075133</StopPointRef>
      <CommonName>Thurrock Community Hospital</CommonName>
      <Location>
        <Longitude>0.338697</Longitude>
        <Latitude>51.495637</Latitude>
      </Location>
    </AnnotatedStopPointRef>
    <AnnotatedStopPointRef>
      <StopPointRef>1590020901</StopPointRef>
      <CommonName>Thurrock Community Hospital</CommonName>
      <Location>
        <Longitude>0.336516</Longitude>
        <Latitude>51.495807</Latitude>
      </Location>
    </AnnotatedStopPointRef>
    <AnnotatedStopPointRef>
      <StopPointRef>1590020801</StopPointRef>
      <CommonName>Victoria Avenue</CommonName>
      <Location>
        <Longitude>0.334434</Longitude>
        <Latitude>51.495399</Latitude>
      </Location>
    </AnnotatedStopPointRef>
    <AnnotatedStopPointRef>
      <StopPointRef>159007075132</StopPointRef>
      <CommonName>Windsor Avenue</CommonName>
      <Location>
        <Longitude>0.328199</Longitude>
        <Latitude>51.495738</Latitude>
      </Location>
    </AnnotatedStopPointRef>
    <AnnotatedStopPointRef>
      <StopPointRef>1590021901</StopPointRef>
      <CommonName>Crawford Avenue</CommonName>
      <Location>
        <Longitude>0.326230</Longitude>
        <Latitude>51.497252</Latitude>
      </Location>
    </AnnotatedStopPointRef>
    <AnnotatedStopPointRef>
      <StopPointRef>1590020701</StopPointRef>
      <CommonName>Chestnut Avenue</CommonName>
      <Location>
        <Longitude>0.328511</Longitude>
        <Latitude>51.495963</Latitude>
      </Location>
    </AnnotatedStopPointRef>
    <AnnotatedStopPointRef>
      <StopPointRef>1590022001</StopPointRef>
      <CommonName>Crawford Avenue</CommonName>
      <Location>
        <Longitude>0.326386</Longitude>
        <Latitude>51.497213</Latitude>
      </Location>
    </AnnotatedStopPointRef>
    <AnnotatedStopPointRef>
      <StopPointRef>15907075112</StopPointRef>
      <CommonName>Grantham Way</CommonName>
      <Location>
        <Longitude>0.320972</Longitude>
        <Latitude>51.499871</Latitude>
      </Location>
    </AnnotatedStopPointRef>
    <AnnotatedStopPointRef>
      <StopPointRef>1590021701</StopPointRef>
      <CommonName>Crammavill Street</CommonName>
      <Location>
        <Longitude>0.323138</Longitude>
        <Latitude>51.498222</Latitude>
      </Location>
    </AnnotatedStopPointRef>
    <AnnotatedStopPointRef>
      <StopPointRef>15907075113</StopPointRef>
      <CommonName>Grantham Way</CommonName>
      <Location>
        <Longitude>0.320751</Longitude>
        <Latitude>51.499735</Latitude>
      </Location>
    </AnnotatedStopPointRef>
    <AnnotatedStopPointRef>
      <StopPointRef>1590703401</StopPointRef>
      <CommonName>Silverwood Close</CommonName>
      <Location>
        <Longitude>0.324086</Longitude>
        <Latitude>51.501264</Latitude>
      </Location>
    </AnnotatedStopPointRef>
    <AnnotatedStopPointRef>
      <StopPointRef>1590047501</StopPointRef>
      <CommonName>Stifford Clays Road</CommonName>
      <Location>
        <Longitude>0.328350</Longitude>
        <Latitude>51.502040</Latitude>
      </Location>
    </AnnotatedStopPointRef>
    <AnnotatedStopPointRef>
      <StopPointRef>1590705234</StopPointRef>
      <CommonName>Kingsman Drive</CommonName>
      <Location>
        <Longitude>0.327244</Longitude>
        <Latitude>51.501491</Latitude>
      </Location>
    </AnnotatedStopPointRef>
    <AnnotatedStopPointRef>
      <StopPointRef>1590703501</StopPointRef>
      <CommonName>Silverwood Close</CommonName>
      <Location>
        <Longitude>0.323843</Longitude>
        <Latitude>51.501320</Latitude>
      </Location>
    </AnnotatedStopPointRef>
    <AnnotatedStopPointRef>
      <StopPointRef>1590031101</StopPointRef>
      <CommonName>High Road</CommonName>
      <Location>
        <Longitude>0.354598</Longitude>
        <Latitude>51.508455</Latitude>
      </Location>
    </AnnotatedStopPointRef>
    <AnnotatedStopPointRef>
      <StopPointRef>1590031001</StopPointRef>
      <CommonName>High Road</CommonName>
      <Location>
        <Longitude>0.355159</Longitude>
        <Latitude>51.508417</Latitude>
      </Location>
    </AnnotatedStopPointRef>
    <AnnotatedStopPointRef>
      <StopPointRef>1590031201</StopPointRef>
      <CommonName>Hospital High Road</CommonName>
      <Location>
        <Longitude>0.365639</Longitude>
        <Latitude>51.512370</Latitude>
      </Location>
    </AnnotatedStopPointRef>
    <AnnotatedStopPointRef>
      <StopPointRef>1590031601</StopPointRef>
      <CommonName>Orsett Hospital</CommonName>
      <Location>
        <Longitude>0.367013</Longitude>
        <Latitude>51.509857</Latitude>
      </Location>
    </AnnotatedStopPointRef>
    <AnnotatedStopPointRef>
      <StopPointRef>1590031801</StopPointRef>
      <CommonName>School Lane</CommonName>
      <Location>
        <Longitude>0.370754</Longitude>
        <Latitude>51.510042</Latitude>
      </Location>
    </AnnotatedStopPointRef>
  </StopPoints>
  <RouteSections>
    <RouteSection id="rsf_0000">
      <RouteLink id="rl_0000_1">
        <From>
          <StopPointRef>1590060005</StopPointRef>
        </From>
        <To>
          <StopPointRef>1590700101</StopPointRef>
        </To>
      </RouteLink>
      <RouteLink id="rl_0000_2">
        <From>
          <StopPointRef>1590700101</StopPointRef>
        </From>
        <To>
          <StopPointRef>1590017501</StopPointRef>
        </To>
      </RouteLink>
      <RouteLink id="rl_0000_3">
        <From>
          <StopPointRef>1590017501</StopPointRef>
        </From>
        <To>
          <StopPointRef>1590017301</StopPointRef>
        </To>
      </RouteLink>
      <RouteLink id="rl_0000_4">
        <From>
          <StopPointRef>1590017301</StopPointRef>
        </From>
        <To>
          <StopPointRef>1590017101</StopPointRef>
        </To>
      </RouteLink>
      <RouteLink id="rl_0000_5">
        <From>
          <StopPointRef>1590017101</StopPointRef>
        </From>
        <To>
          <StopPointRef>1590021101</StopPointRef>
        </To>
      </RouteLink>
      <RouteLink id="rl_0000_6">
        <From>
          <StopPointRef>1590021101</StopPointRef>
        </From>
        <To>
          <StopPointRef>1590023001</StopPointRef>
        </To>
      </RouteLink>
      <RouteLink id="rl_0000_7">
        <From>
          <StopPointRef>1590023001</StopPointRef>
        </From>
        <To>
          <StopPointRef>1590023101</StopPointRef>
        </To>
      </RouteLink>
      <RouteLink id="rl_0000_8">
        <From>
          <StopPointRef>1590023101</StopPointRef>
        </From>
        <To>
          <StopPointRef>1590023601</StopPointRef>
        </To>
      </RouteLink>
      <RouteLink id="rl_0000_9">
        <From>
          <StopPointRef>1590023601</StopPointRef>
        </From>
        <To>
          <StopPointRef>1590023801</StopPointRef>
        </To>
      </RouteLink>
      <RouteLink id="rl_0000_10">
        <From>
          <StopPointRef>1590023801</StopPointRef>
        </From>
        <To>
          <StopPointRef>1590704701</StopPointRef>
        </To>
      </RouteLink>
      <RouteLink id="rl_0000_11">
        <From>
          <StopPointRef>1590704701</StopPointRef>
        </From>
        <To>
          <StopPointRef>1590023901</StopPointRef>
        </To>
      </RouteLink>
      <RouteLink id="rl_0000_12">
        <From>
          <StopPointRef>1590023901</StopPointRef>
        </From>
        <To>
          <StopPointRef>1590704601</StopPointRef>
        </To>
      </RouteLink>
      <RouteLink id="rl_0000_13">
        <From>
          <StopPointRef>1590704601</StopPointRef>
        </From>
        <To>
          <StopPointRef>159007075133</StopPointRef>
        </To>
      </RouteLink>
      <RouteLink id="rl_0000_14">
        <From>
          <StopPointRef>159007075133</StopPointRef>
        </From>
        <To>
          <StopPointRef>1590020801</StopPointRef>
        </To>
      </RouteLink>
      <RouteLink id="rl_0000_15">
        <From>
          <StopPointRef>1590020801</StopPointRef>
        </From>
        <To>
          <StopPointRef>159007075132</StopPointRef>
        </To>
      </RouteLink>
      <RouteLink id="rl_0000_16">
        <From>
          <StopPointRef>159007075132</StopPointRef>
        </From>
        <To>
          <StopPointRef>1590021901</StopPointRef>
        </To>
      </RouteLink>
      <RouteLink id="rl_0000_17">
        <From>
          <StopPointRef>1590021901</StopPointRef>
        </From>
        <To>
          <StopPointRef>1590021701</StopPointRef>
        </To>
      </RouteLink>
      <RouteLink id="rl_0000_18">
        <From>
          <StopPointRef>1590021701</StopPointRef>
        </From>
        <To>
          <StopPointRef>15907075113</StopPointRef>
        </To>
      </RouteLink>
      <RouteLink id="rl_0000_19">
        <From>
          <StopPointRef>15907075113</StopPointRef>
        </From>
        <To>
          <StopPointRef>1590705234</StopPointRef>
        </To>
      </RouteLink>
      <RouteLink id="rl_0000_20">
        <From>
          <StopPointRef>1590705234</StopPointRef>
        </From>
        <To>
          <StopPointRef>1590031101</StopPointRef>
        </To>
      </RouteLink>
      <RouteLink id="rl_0000_21">
        <From>
          <StopPointRef>1590031101</StopPointRef>
        </From>
        <To>
          <StopPointRef>1590031201</StopPointRef>
        </To>
      </RouteLink>
      <RouteLink id="rl_0000_22">
        <From>
          <StopPointRef>1590031201</StopPointRef>
        </From>
        <To>
          <StopPointRef>1590031801</StopPointRef>
        </To>
      </RouteLink>
      <RouteLink id="rl_0000_23">
        <From>
          <StopPointRef>1590031801</StopPointRef>
        </From>
        <To>
          <StopPointRef>1590031601</StopPointRef>
        </To>
      </RouteLink>
    </RouteSection>
  </RouteSections>
  <Routes>
    <Route id="rt_0000">
      <Description>No route description available</Description>
      <RouteSectionRef>rsf_0000</RouteSectionRef>
    </Route>
  </Routes>
  <JourneyPatternSections>
    <JourneyPatternSection id="js_1">
      <JourneyPatternTimingLink id="jptl_1">
        <From SequenceNumber="1">
          <Activity>pickUp</Activity>
          <StopPointRef>1590060005</StopPointRef>
          <TimingStatus>principalTimingPoint</TimingStatus>
        </From>
        <To SequenceNumber="2">
          <StopPointRef>1590700101</StopPointRef>
          <TimingStatus>otherPoint</TimingStatus>
        </To>
        <RouteLinkRef>rl_0000_1</RouteLinkRef>
        <RunTime>PT2M</RunTime>
      </JourneyPatternTimingLink>
      <JourneyPatternTimingLink id="jptl_2">
        <From SequenceNumber="2">
          <StopPointRef>1590700101</StopPointRef>
          <TimingStatus>otherPoint</TimingStatus>
        </From>
        <To SequenceNumber="3">
          <StopPointRef>1590017501</StopPointRef>
          <TimingStatus>otherPoint</TimingStatus>
        </To>
        <RouteLinkRef>rl_0000_2</RouteLinkRef>
        <RunTime>PT0S</RunTime>
      </JourneyPatternTimingLink>
      <JourneyPatternTimingLink id="jptl_3">
        <From SequenceNumber="3">
          <StopPointRef>1590017501</StopPointRef>
          <TimingStatus>otherPoint</TimingStatus>
        </From>
        <To SequenceNumber="4">
          <StopPointRef>1590017301</StopPointRef>
          <TimingStatus>otherPoint</TimingStatus>
        </To>
        <RouteLinkRef>rl_0000_3</RouteLinkRef>
        <RunTime>PT1M</RunTime>
      </JourneyPatternTimingLink>
      <JourneyPatternTimingLink id="jptl_4">
        <From SequenceNumber="4">
          <StopPointRef>1590017301</StopPointRef>
          <TimingStatus>otherPoint</TimingStatus>
        </From>
        <To SequenceNumber="5">
          <StopPointRef>1590017101</StopPointRef>
          <TimingStatus>principalTimingPoint</TimingStatus>
        </To>
        <RouteLinkRef>rl_0000_4</RouteLinkRef>
        <RunTime>PT1M</RunTime>
      </JourneyPatternTimingLink>
      <JourneyPatternTimingLink id="jptl_5">
        <From SequenceNumber="5">
          <StopPointRef>1590017101</StopPointRef>
          <TimingStatus>principalTimingPoint</TimingStatus>
        </From>
        <To SequenceNumber="6">
          <StopPointRef>1590021101</StopPointRef>
          <TimingStatus>otherPoint</TimingStatus>
        </To>
        <RouteLinkRef>rl_0000_5</RouteLinkRef>
        <RunTime>PT1M</RunTime>
      </JourneyPatternTimingLink>
      <JourneyPatternTimingLink id="jptl_6">
        <From SequenceNumber="6">
          <StopPointRef>1590021101</StopPointRef>
          <TimingStatus>otherPoint</TimingStatus>
        </From>
        <To SequenceNumber="7">
          <StopPointRef>1590023001</StopPointRef>
          <TimingStatus>otherPoint</TimingStatus>
        </To>
        <RouteLinkRef>rl_0000_6</RouteLinkRef>
        <RunTime>PT2M</RunTime>
      </JourneyPatternTimingLink>
      <JourneyPatternTimingLink id="jptl_7">
        <From SequenceNumber="7">
          <StopPointRef>1590023001</StopPointRef>
          <TimingStatus>otherPoint</TimingStatus>
        </From>
        <To SequenceNumber="8">
          <StopPointRef>1590023101</StopPointRef>
          <TimingStatus>principalTimingPoint</TimingStatus>
        </To>
        <RouteLinkRef>rl_0000_7</RouteLinkRef>
        <RunTime>PT1M</RunTime>
      </JourneyPatternTimingLink>
      <JourneyPatternTimingLink id="jptl_8">
        <From SequenceNumber="8">
          <StopPointRef>1590023101</StopPointRef>
          <TimingStatus>principalTimingPoint</TimingStatus>
        </From>
        <To SequenceNumber="9">
          <StopPointRef>1590023601</StopPointRef>
          <TimingStatus>otherPoint</TimingStatus>
        </To>
        <RouteLinkRef>rl_0000_8</RouteLinkRef>
        <RunTime>PT2M</RunTime>
      </JourneyPatternTimingLink>
      <JourneyPatternTimingLink id="jptl_9">
        <From SequenceNumber="9">
          <StopPointRef>1590023601</StopPointRef>
          <TimingStatus>otherPoint</TimingStatus>
        </From>
        <To SequenceNumber="10">
          <StopPointRef>1590023801</StopPointRef>
          <TimingStatus>otherPoint</TimingStatus>
        </To>
        <RouteLinkRef>rl_0000_9</RouteLinkRef>
        <RunTime>PT0S</RunTime>
      </JourneyPatternTimingLink>
      <JourneyPatternTimingLink id="jptl_10">
        <From SequenceNumber="10">
          <StopPointRef>1590023801</StopPointRef>
          <TimingStatus>otherPoint</TimingStatus>
        </From>
        <To SequenceNumber="11">
          <StopPointRef>1590704701</StopPointRef>
          <TimingStatus>otherPoint</TimingStatus>
        </To>
        <RouteLinkRef>rl_0000_10</RouteLinkRef>
        <RunTime>PT1M</RunTime>
      </JourneyPatternTimingLink>
      <JourneyPatternTimingLink id="jptl_11">
        <From SequenceNumber="11">
          <StopPointRef>1590704701</StopPointRef>
          <TimingStatus>otherPoint</TimingStatus>
        </From>
        <To SequenceNumber="12">
          <StopPointRef>1590023901</StopPointRef>
          <TimingStatus>principalTimingPoint</TimingStatus>
        </To>
        <RouteLinkRef>rl_0000_11</RouteLinkRef>
        <RunTime>PT1M</RunTime>
      </JourneyPatternTimingLink>
      <JourneyPatternTimingLink id="jptl_12">
        <From SequenceNumber="12">
          <StopPointRef>1590023901</StopPointRef>
          <TimingStatus>principalTimingPoint</TimingStatus>
        </From>
        <To SequenceNumber="13">
          <StopPointRef>1590704601</StopPointRef>
          <TimingStatus>otherPoint</TimingStatus>
        </To>
        <RouteLinkRef>rl_0000_12</RouteLinkRef>
        <RunTime>PT1M</RunTime>
      </JourneyPatternTimingLink>
      <JourneyPatternTimingLink id="jptl_13">
        <From SequenceNumber="13">
          <StopPointRef>1590704601</StopPointRef>
          <TimingStatus>otherPoint</TimingStatus>
        </From>
        <To SequenceNumber="14">
          <StopPointRef>159007075133</StopPointRef>
          <TimingStatus>principalTimingPoint</TimingStatus>
        </To>
        <RouteLinkRef>rl_0000_13</RouteLinkRef>
        <RunTime>PT2M</RunTime>
      </JourneyPatternTimingLink>
      <JourneyPatternTimingLink id="jptl_14">
        <From SequenceNumber="14">
          <StopPointRef>159007075133</StopPointRef>
          <TimingStatus>principalTimingPoint</TimingStatus>
        </From>
        <To SequenceNumber="15">
          <StopPointRef>1590020801</StopPointRef>
          <TimingStatus>otherPoint</TimingStatus>
        </To>
        <RouteLinkRef>rl_0000_14</RouteLinkRef>
        <RunTime>PT1M</RunTime>
      </JourneyPatternTimingLink>
      <JourneyPatternTimingLink id="jptl_15">
        <From SequenceNumber="15">
          <StopPointRef>1590020801</StopPointRef>
          <TimingStatus>otherPoint</TimingStatus>
        </From>
        <To SequenceNumber="16">
          <StopPointRef>159007075132</StopPointRef>
          <TimingStatus>otherPoint</TimingStatus>
        </To>
        <RouteLinkRef>rl_0000_15</RouteLinkRef>
        <RunTime>PT1M</RunTime>
      </JourneyPatternTimingLink>
      <JourneyPatternTimingLink id="jptl_16">
        <From SequenceNumber="16">
          <StopPointRef>159007075132</StopPointRef>
          <TimingStatus>otherPoint</TimingStatus>
        </From>
        <To SequenceNumber="17">
          <StopPointRef>1590021901</StopPointRef>
          <TimingStatus>principalTimingPoint</TimingStatus>
        </To>
        <RouteLinkRef>rl_0000_16</RouteLinkRef>
        <RunTime>PT1M</RunTime>
      </JourneyPatternTimingLink>
      <JourneyPatternTimingLink id="jptl_17">
        <From SequenceNumber="17">
          <StopPointRef>1590021901</StopPointRef>
          <TimingStatus>principalTimingPoint</TimingStatus>
        </From>
        <To SequenceNumber="18">
          <StopPointRef>1590021701</StopPointRef>
          <TimingStatus>otherPoint</TimingStatus>
        </To>
        <RouteLinkRef>rl_0000_17</RouteLinkRef>
        <RunTime>PT1M</RunTime>
      </JourneyPatternTimingLink>
      <JourneyPatternTimingLink id="jptl_18">
        <From SequenceNumber="18">
          <StopPointRef>1590021701</StopPointRef>
          <TimingStatus>otherPoint</TimingStatus>
        </From>
        <To SequenceNumber="19">
          <StopPointRef>15907075113</StopPointRef>
          <TimingStatus>otherPoint</TimingStatus>
        </To>
        <RouteLinkRef>rl_0000_18</RouteLinkRef>
        <RunTime>PT1M</RunTime>
      </JourneyPatternTimingLink>
      <JourneyPatternTimingLink id="jptl_19">
        <From SequenceNumber="19">
          <StopPointRef>15907075113</StopPointRef>
          <TimingStatus>otherPoint</TimingStatus>
        </From>
        <To SequenceNumber="20">
          <StopPointRef>1590705234</StopPointRef>
          <TimingStatus>principalTimingPoint</TimingStatus>
        </To>
        <RouteLinkRef>rl_0000_19</RouteLinkRef>
        <RunTime>PT2M</RunTime>
      </JourneyPatternTimingLink>
      <JourneyPatternTimingLink id="jptl_20">
        <From SequenceNumber="20">
          <StopPointRef>1590705234</StopPointRef>
          <TimingStatus>principalTimingPoint</TimingStatus>
        </From>
        <To SequenceNumber="21">
          <StopPointRef>1590031101</StopPointRef>
          <TimingStatus>otherPoint</TimingStatus>
        </To>
        <RouteLinkRef>rl_0000_20</RouteLinkRef>
        <RunTime>PT4M</RunTime>
      </JourneyPatternTimingLink>
      <JourneyPatternTimingLink id="jptl_21">
        <From SequenceNumber="21">
          <StopPointRef>1590031101</StopPointRef>
          <TimingStatus>otherPoint</TimingStatus>
        </From>
        <To SequenceNumber="22">
          <StopPointRef>1590031201</StopPointRef>
          <TimingStatus>otherPoint</TimingStatus>
        </To>
        <RouteLinkRef>rl_0000_21</RouteLinkRef>
        <RunTime>PT1M</RunTime>
      </JourneyPatternTimingLink>
      <JourneyPatternTimingLink id="jptl_22">
        <From SequenceNumber="22">
          <StopPointRef>1590031201</StopPointRef>
          <TimingStatus>otherPoint</TimingStatus>
        </From>
        <To SequenceNumber="23">
          <StopPointRef>1590031801</StopPointRef>
          <TimingStatus>otherPoint</TimingStatus>
        </To>
        <RouteLinkRef>rl_0000_22</RouteLinkRef>
        <RunTime>PT1M</RunTime>
      </JourneyPatternTimingLink>
      <JourneyPatternTimingLink id="jptl_23">
        <From SequenceNumber="23">
          <StopPointRef>1590031801</StopPointRef>
          <TimingStatus>otherPoint</TimingStatus>
        </From>
        <To SequenceNumber="24">
          <Activity>setDown</Activity>
          <StopPointRef>1590031601</StopPointRef>
          <TimingStatus>principalTimingPoint</TimingStatus>
        </To>
        <RouteLinkRef>rl_0000_23</RouteLinkRef>
        <RunTime>PT1M</RunTime>
      </JourneyPatternTimingLink>
    </JourneyPatternSection>
  </JourneyPatternSections>
  <Operators>
    <Operator id="tkt_oid">
      <NationalOperatorCode>ENSB</NationalOperatorCode>
      <OperatorCode>ENS</OperatorCode>
      <OperatorShortName>Ensignbus</OperatorShortName>
      <LicenceNumber>PF0001961</LicenceNumber>
    </Operator>
  </Operators>
  <Services>
    <Service>
      <ServiceCode>PF0001961:65</ServiceCode>
      <Lines>
        <Line id="ENSB:PF0001961:65:88">
          <LineName>88</LineName>
          <OutboundDescription>
            <Description>Grays to Orsett Hospital</Description>
          </OutboundDescription>
          <InboundDescription>
            <Description>Orsett Hospital to Grays</Description>
          </InboundDescription>
        </Line>
      </Lines>
      <OperatingPeriod>
        <StartDate>2026-02-23</StartDate>
        <EndDate>2026-03-27</EndDate>
      </OperatingPeriod>
      <OperatingProfile>
        <RegularDayType>
          <DaysOfWeek>
            <Monday />
            <Tuesday />
            <Wednesday />
            <Thursday />
            <Friday />
          </DaysOfWeek>
        </RegularDayType>
        <ServicedOrganisationDayType>
          <DaysOfOperation>
            <WorkingDays>
              <ServicedOrganisationRef>HRSD:2</ServicedOrganisationRef>
              <ServicedOrganisationRef>HCHSD:2</ServicedOrganisationRef>
              <ServicedOrganisationRef>OPASD:2</ServicedOrganisationRef>
              <ServicedOrganisationRef>WESSD:2</ServicedOrganisationRef>
              <ServicedOrganisationRef>PCD:2</ServicedOrganisationRef>
              <ServicedOrganisationRef>DGSWD:2</ServicedOrganisationRef>
              <ServicedOrganisationRef>GGSWD:2</ServicedOrganisationRef>
            </WorkingDays>
          </DaysOfOperation>
        </ServicedOrganisationDayType>
        <BankHolidayOperation>
          <DaysOfNonOperation>
            <ChristmasDay />
            <BoxingDay />
            <GoodFriday />
            <NewYearsDay />
            <LateSummerBankHolidayNotScotland />
            <MayDay />
            <EasterMonday />
            <SpringBank />
            <ChristmasDayHoliday />
            <BoxingDayHoliday />
            <NewYearsDayHoliday />
            <ChristmasEve />
            <NewYearsEve />
          </DaysOfNonOperation>
        </BankHolidayOperation>
      </OperatingProfile>
      <RegisteredOperatorRef>tkt_oid</RegisteredOperatorRef>
      <PublicUse>true</PublicUse>
      <StandardService>
        <Origin>Grays</Origin>
        <Destination>Orsett Hospital</Destination>
        <JourneyPattern id="jp_1">
          <DestinationDisplay>Orsett Hospital</DestinationDisplay>
          <OperatorRef>tkt_oid</OperatorRef>
          <Direction>outbound</Direction>
          <RouteRef>rt_0000</RouteRef>
          <JourneyPatternSectionRefs>js_1</JourneyPatternSectionRefs>
        </JourneyPattern>
      </StandardService>
    </Service>
  </Services>
  <VehicleJourneys>
    <VehicleJourney>
      <OperatorRef>tkt_oid</OperatorRef>
      <Operational>
        <TicketMachine>
          <JourneyCode>3</JourneyCode>
        </TicketMachine>
      </Operational>
      <VehicleJourneyCode>vj_1</VehicleJourneyCode>
      <ServiceRef>PF0001961:65</ServiceRef>
      <LineRef>ENSB:PF0001961:65:88</LineRef>
      <JourneyPatternRef>jp_1</JourneyPatternRef>
      <DepartureTime>07:47:00</DepartureTime>
    </VehicleJourney>
  </VehicleJourneys>
</TransXChange>