﻿<?xml version="1.0" encoding="utf-8"?>
<TransXChange xmlns:xsi="http://www.w3.org/2001/XMLSchema-instance" SchemaVersion="2.4" CreationDateTime="2024-08-22T08:55:36" ModificationDateTime="2026-02-04T08:37:27" Modification="revise" RevisionNumber="215" FileName="ENSB_22Z_ENSBPF00019613722_20260223_20260325_2295907.xml" xmlns="http://www.transxchange.org.uk/">
  <StopPoints>
    <AnnotatedStopPointRef>
      <StopPointRef>1590000301</StopPointRef>
      <CommonName>Purfleet-on-Thames Station</CommonName>
      <Location>
        <Longitude>0.238464</Longitude>
        <Latitude>51.480295</Latitude>
      </Location>
    </AnnotatedStopPointRef>
    <AnnotatedStopPointRef>
      <StopPointRef>1590000401</StopPointRef>
      <CommonName>Purfleet-on-Thames Station</CommonName>
      <Location>
        <Longitude>0.237791</Longitude>
        <Latitude>51.480463</Latitude>
      </Location>
    </AnnotatedStopPointRef>
    <AnnotatedStopPointRef>
      <StopPointRef>1590000201</StopPointRef>
      <CommonName>War Memorial</CommonName>
      <Location>
        <Longitude>0.231606</Longitude>
        <Latitude>51.482686</Latitude>
      </Location>
    </AnnotatedStopPointRef>
    <AnnotatedStopPointRef>
      <StopPointRef>1590000101</StopPointRef>
      <CommonName>War Memorial</CommonName>
      <Location>
        <Longitude>0.231631</Longitude>
        <Latitude>51.482901</Latitude>
      </Location>
    </AnnotatedStopPointRef>
    <AnnotatedStopPointRef>
      <StopPointRef>1590002101</StopPointRef>
      <CommonName>Garrison Estate</CommonName>
      <Location>
        <Longitude>0.231972</Longitude>
        <Latitude>51.486042</Latitude>
      </Location>
    </AnnotatedStopPointRef>
    <AnnotatedStopPointRef>
      <StopPointRef>15907075102</StopPointRef>
      <CommonName>Garrison Estate</CommonName>
      <Location>
        <Longitude>0.231520</Longitude>
        <Latitude>51.485000</Latitude>
      </Location>
    </AnnotatedStopPointRef>
    <AnnotatedStopPointRef>
      <StopPointRef>1590002001</StopPointRef>
      <CommonName>Marlow Avenue</CommonName>
      <Location>
        <Longitude>0.233611</Longitude>
        <Latitude>51.487470</Latitude>
      </Location>
    </AnnotatedStopPointRef>
    <AnnotatedStopPointRef>
      <StopPointRef>1590002201</StopPointRef>
      <CommonName>Marlow Avenue</CommonName>
      <Location>
        <Longitude>0.233437</Longitude>
        <Latitude>51.487150</Latitude>
      </Location>
    </AnnotatedStopPointRef>
    <AnnotatedStopPointRef>
      <StopPointRef>1590002401</StopPointRef>
      <CommonName>Purfleet Road, Ocado</CommonName>
      <Location>
        <Longitude>0.235956</Longitude>
        <Latitude>51.496545</Latitude>
      </Location>
    </AnnotatedStopPointRef>
    <AnnotatedStopPointRef>
      <StopPointRef>1590705233</StopPointRef>
      <CommonName>Purfleet Road, Ocado</CommonName>
      <Location>
        <Longitude>0.238084</Longitude>
        <Latitude>51.497168</Latitude>
      </Location>
    </AnnotatedStopPointRef>
    <AnnotatedStopPointRef>
      <StopPointRef>1590002601</StopPointRef>
      <CommonName>Purfleet Road</CommonName>
      <Location>
        <Longitude>0.243329</Longitude>
        <Latitude>51.498212</Latitude>
      </Location>
    </AnnotatedStopPointRef>
    <AnnotatedStopPointRef>
      <StopPointRef>1590004301</StopPointRef>
      <CommonName>Field Rd</CommonName>
      <Location>
        <Longitude>0.250482</Longitude>
        <Latitude>51.499223</Latitude>
      </Location>
    </AnnotatedStopPointRef>
    <AnnotatedStopPointRef>
      <StopPointRef>1590004401</StopPointRef>
      <CommonName>Field Rd</CommonName>
      <Location>
        <Longitude>0.250982</Longitude>
        <Latitude>51.499132</Latitude>
      </Location>
    </AnnotatedStopPointRef>
    <AnnotatedStopPointRef>
      <StopPointRef>1590004601</StopPointRef>
      <CommonName>Hanford Road</CommonName>
      <Location>
        <Longitude>0.251507</Longitude>
        <Latitude>51.500726</Latitude>
      </Location>
    </AnnotatedStopPointRef>
    <AnnotatedStopPointRef>
      <StopPointRef>1590004501</StopPointRef>
      <CommonName>Hanford Road</CommonName>
      <Location>
        <Longitude>0.251287</Longitude>
        <Latitude>51.500937</Latitude>
      </Location>
    </AnnotatedStopPointRef>
    <AnnotatedStopPointRef>
      <StopPointRef>1590004801</StopPointRef>
      <CommonName>St Pauls Close</CommonName>
      <Location>
        <Longitude>0.248546</Longitude>
        <Latitude>51.503517</Latitude>
      </Location>
    </AnnotatedStopPointRef>
    <AnnotatedStopPointRef>
      <StopPointRef>1590004701</StopPointRef>
      <CommonName>St Pauls Close</CommonName>
      <Location>
        <Longitude>0.247882</Longitude>
        <Latitude>51.503484</Latitude>
      </Location>
    </AnnotatedStopPointRef>
    <AnnotatedStopPointRef>
      <StopPointRef>1590004901</StopPointRef>
      <CommonName>Shannon Way</CommonName>
      <Location>
        <Longitude>0.247874</Longitude>
        <Latitude>51.505661</Latitude>
      </Location>
    </AnnotatedStopPointRef>
    <AnnotatedStopPointRef>
      <StopPointRef>1590005001</StopPointRef>
      <CommonName>Shannon Way</CommonName>
      <Location>
        <Longitude>0.248590</Longitude>
        <Latitude>51.506457</Latitude>
      </Location>
    </AnnotatedStopPointRef>
    <AnnotatedStopPointRef>
      <StopPointRef>1590005101</StopPointRef>
      <CommonName>Teviot Avenue</CommonName>
      <Location>
        <Longitude>0.253365</Longitude>
        <Latitude>51.507417</Latitude>
      </Location>
    </AnnotatedStopPointRef>
    <AnnotatedStopPointRef>
      <StopPointRef>1590047101</StopPointRef>
      <CommonName>Usk Road</CommonName>
      <Location>
        <Longitude>0.250404</Longitude>
        <Latitude>51.509623</Latitude>
      </Location>
    </AnnotatedStopPointRef>
    <AnnotatedStopPointRef>
      <StopPointRef>1590004101</StopPointRef>
      <CommonName>High Street</CommonName>
      <Location>
        <Longitude>0.253426</Longitude>
        <Latitude>51.499322</Latitude>
      </Location>
    </AnnotatedStopPointRef>
    <AnnotatedStopPointRef>
      <StopPointRef>1590004201</StopPointRef>
      <CommonName>High Street</CommonName>
      <Location>
        <Longitude>0.254704</Longitude>
        <Latitude>51.498938</Latitude>
      </Location>
    </AnnotatedStopPointRef>
    <AnnotatedStopPointRef>
      <StopPointRef>15907075122</StopPointRef>
      <CommonName>Park Lane</CommonName>
      <Location>
        <Longitude>0.258522</Longitude>
        <Latitude>51.498936</Latitude>
      </Location>
    </AnnotatedStopPointRef>
    <AnnotatedStopPointRef>
      <StopPointRef>15907075123</StopPointRef>
      <CommonName>Park Lane</CommonName>
      <Location>
        <Longitude>0.258469</Longitude>
        <Latitude>51.498739</Latitude>
      </Location>
    </AnnotatedStopPointRef>
    <AnnotatedStopPointRef>
      <StopPointRef>1590004001</StopPointRef>
      <CommonName>Stanford Gardens</CommonName>
      <Location>
        <Longitude>0.262250</Longitude>
        <Latitude>51.499445</Latitude>
      </Location>
    </AnnotatedStopPointRef>
    <AnnotatedStopPointRef>
      <StopPointRef>1590003901</StopPointRef>
      <CommonName>Stanford Gardens</CommonName>
      <Location>
        <Longitude>0.261880</Longitude>
        <Latitude>51.499533</Latitude>
      </Location>
    </AnnotatedStopPointRef>
    <AnnotatedStopPointRef>
      <StopPointRef>1590005301</StopPointRef>
      <CommonName>Stifford Road</CommonName>
      <Location>
        <Longitude>0.273182</Longitude>
        <Latitude>51.502241</Latitude>
      </Location>
    </AnnotatedStopPointRef>
    <AnnotatedStopPointRef>
      <StopPointRef>1590005201</StopPointRef>
      <CommonName>Stifford Road</CommonName>
      <Location>
        <Longitude>0.272939</Longitude>
        <Latitude>51.501994</Latitude>
      </Location>
    </AnnotatedStopPointRef>
    <AnnotatedStopPointRef>
      <StopPointRef>1590005401</StopPointRef>
      <CommonName>Garron Lane</CommonName>
      <Location>
        <Longitude>0.276513</Longitude>
        <Latitude>51.504029</Latitude>
      </Location>
    </AnnotatedStopPointRef>
    <AnnotatedStopPointRef>
      <StopPointRef>1590005501</StopPointRef>
      <CommonName>Garron Lane</CommonName>
      <Location>
        <Longitude>0.276316</Longitude>
        <Latitude>51.504402</Latitude>
      </Location>
    </AnnotatedStopPointRef>
    <AnnotatedStopPointRef>
      <StopPointRef>1590005701</StopPointRef>
      <CommonName>Gatehope Drive</CommonName>
      <Location>
        <Longitude>0.276204</Longitude>
        <Latitude>51.507650</Latitude>
      </Location>
    </AnnotatedStopPointRef>
    <AnnotatedStopPointRef>
      <StopPointRef>1590005601</StopPointRef>
      <CommonName>Gatehope Drive</CommonName>
      <Location>
        <Longitude>0.276376</Longitude>
        <Latitude>51.507350</Latitude>
      </Location>
    </AnnotatedStopPointRef>
    <AnnotatedStopPointRef>
      <StopPointRef>1590005801</StopPointRef>
      <CommonName>Easington Way</CommonName>
      <Location>
        <Longitude>0.276184</Longitude>
        <Latitude>51.509845</Latitude>
      </Location>
    </AnnotatedStopPointRef>
    <AnnotatedStopPointRef>
      <StopPointRef>1590005901</StopPointRef>
      <CommonName>Easington Way</CommonName>
      <Location>
        <Longitude>0.275890</Longitude>
        <Latitude>51.511191</Latitude>
      </Location>
    </AnnotatedStopPointRef>
    <AnnotatedStopPointRef>
      <StopPointRef>1590006101</StopPointRef>
      <CommonName>Elmdon Road</CommonName>
      <Location>
        <Longitude>0.279089</Longitude>
        <Latitude>51.512900</Latitude>
      </Location>
    </AnnotatedStopPointRef>
    <AnnotatedStopPointRef>
      <StopPointRef>1590006001</StopPointRef>
      <CommonName>Elmdon Road</CommonName>
      <Location>
        <Longitude>0.277105</Longitude>
        <Latitude>51.512426</Latitude>
      </Location>
    </AnnotatedStopPointRef>
    <AnnotatedStopPointRef>
      <StopPointRef>1590007401</StopPointRef>
      <CommonName>Elan Road</CommonName>
      <Location>
        <Longitude>0.282151</Longitude>
        <Latitude>51.513317</Latitude>
      </Location>
    </AnnotatedStopPointRef>
    <AnnotatedStopPointRef>
      <StopPointRef>1590007301</StopPointRef>
      <CommonName>Erriff Drive</CommonName>
      <Location>
        <Longitude>0.284019</Longitude>
        <Latitude>51.512921</Latitude>
      </Location>
    </AnnotatedStopPointRef>
    <AnnotatedStopPointRef>
      <StopPointRef>1590007001</StopPointRef>
      <CommonName>Darenth Lane</CommonName>
      <Location>
        <Longitude>0.283914</Longitude>
        <Latitude>51.508804</Latitude>
      </Location>
    </AnnotatedStopPointRef>
    <AnnotatedStopPointRef>
      <StopPointRef>1590007201</StopPointRef>
      <CommonName>Derwent Parade</CommonName>
      <Location>
        <Longitude>0.283724</Longitude>
        <Latitude>51.510472</Latitude>
      </Location>
    </AnnotatedStopPointRef>
    <AnnotatedStopPointRef>
      <StopPointRef>1590006901</StopPointRef>
      <CommonName>Fairham Avenue</CommonName>
      <Location>
        <Longitude>0.282060</Longitude>
        <Latitude>51.506017</Latitude>
      </Location>
    </AnnotatedStopPointRef>
    <AnnotatedStopPointRef>
      <StopPointRef>1590006801</StopPointRef>
      <CommonName>Fairham Avenue</CommonName>
      <Location>
        <Longitude>0.282217</Longitude>
        <Latitude>51.505987</Latitude>
      </Location>
    </AnnotatedStopPointRef>
    <AnnotatedStopPointRef>
      <StopPointRef>1590006701</StopPointRef>
      <CommonName>Fortin Way</CommonName>
      <Location>
        <Longitude>0.281029</Longitude>
        <Latitude>51.503267</Latitude>
      </Location>
    </AnnotatedStopPointRef>
    <AnnotatedStopPointRef>
      <StopPointRef>1590006601</StopPointRef>
      <CommonName>Daiglen Drive</CommonName>
      <Location>
        <Longitude>0.282585</Longitude>
        <Latitude>51.502679</Latitude>
      </Location>
    </AnnotatedStopPointRef>
    <AnnotatedStopPointRef>
      <StopPointRef>1590008401</StopPointRef>
      <CommonName>Cander Way</CommonName>
      <Location>
        <Longitude>0.286005</Longitude>
        <Latitude>51.502495</Latitude>
      </Location>
    </AnnotatedStopPointRef>
    <AnnotatedStopPointRef>
      <StopPointRef>1590008301</StopPointRef>
      <CommonName>Cander Way</CommonName>
      <Location>
        <Longitude>0.288071</Longitude>
        <Latitude>51.502599</Latitude>
      </Location>
    </AnnotatedStopPointRef>
    <AnnotatedStopPointRef>
      <StopPointRef>1590008601</StopPointRef>
      <CommonName>Ford Place</CommonName>
      <Location>
        <Longitude>0.293915</Longitude>
        <Latitude>51.502188</Latitude>
      </Location>
    </AnnotatedStopPointRef>
    <AnnotatedStopPointRef>
      <StopPointRef>1590008501</StopPointRef>
      <CommonName>Cullen Square</CommonName>
      <Location>
        <Longitude>0.292501</Longitude>
        <Latitude>51.502432</Latitude>
      </Location>
    </AnnotatedStopPointRef>
    <AnnotatedStopPointRef>
      <StopPointRef>1590045901</StopPointRef>
      <CommonName>Davy Down</CommonName>
      <Location>
        <Longitude>0.295867</Longitude>
        <Latitude>51.499164</Latitude>
      </Location>
    </AnnotatedStopPointRef>
    <AnnotatedStopPointRef>
      <StopPointRef>1590045801</StopPointRef>
      <CommonName>Davy Down</CommonName>
      <Location>
        <Longitude>0.295643</Longitude>
        <Latitude>51.499303</Latitude>
      </Location>
    </AnnotatedStopPointRef>
    <AnnotatedStopPointRef>
      <StopPointRef>159007075118</StopPointRef>
      <CommonName>Caravan Park</CommonName>
      <Location>
        <Longitude>0.295551</Longitude>
        <Latitude>51.494880</Latitude>
      </Location>
    </AnnotatedStopPointRef>
    <AnnotatedStopPointRef>
      <StopPointRef>15907075117</StopPointRef>
      <CommonName>Caravan Park</CommonName>
      <Location>
        <Longitude>0.295828</Longitude>
        <Latitude>51.494947</Latitude>
      </Location>
    </AnnotatedStopPointRef>
    <AnnotatedStopPointRef>
      <StopPointRef>1590701401</StopPointRef>
      <CommonName>Pilgrims Roundabout</CommonName>
      <Location>
        <Longitude>0.292845</Longitude>
        <Latitude>51.492352</Latitude>
      </Location>
    </AnnotatedStopPointRef>
    <AnnotatedStopPointRef>
      <StopPointRef>1590701301</StopPointRef>
      <CommonName>Pilgrims Roundabout</CommonName>
      <Location>
        <Longitude>0.294012</Longitude>
        <Latitude>51.492365</Latitude>
      </Location>
    </AnnotatedStopPointRef>
    <AnnotatedStopPointRef>
      <StopPointRef>1590060102</StopPointRef>
      <CommonName>Lakeside Bus Station, B</CommonName>
      <Location>
        <Longitude>0.283331</Longitude>
        <Latitude>51.490218</Latitude>
      </Location>
    </AnnotatedStopPointRef>
    <AnnotatedStopPointRef>
      <StopPointRef>1590060107</StopPointRef>
      <CommonName>Lakeside Bus Station, G</CommonName>
      <Location>
        <Longitude>0.283293</Longitude>
        <Latitude>51.490326</Latitude>
      </Location>
    </AnnotatedStopPointRef>
    <AnnotatedStopPointRef>
      <StopPointRef>1590060109</StopPointRef>
      <CommonName>Lakeside Bus Station,  J </CommonName>
      <Location>
        <Longitude>0.282699</Longitude>
        <Latitude>51.490266</Latitude>
      </Location>
    </AnnotatedStopPointRef>
    <AnnotatedStopPointRef>
      <StopPointRef>1590705225</StopPointRef>
      <CommonName>Lakeside Tesco</CommonName>
      <Location>
        <Longitude>0.273766</Longitude>
        <Latitude>51.487945</Latitude>
      </Location>
    </AnnotatedStopPointRef>
    <AnnotatedStopPointRef>
      <StopPointRef>1590012401</StopPointRef>
      <CommonName>Tesco</CommonName>
      <Location>
        <Longitude>0.273749</Longitude>
        <Latitude>51.487820</Latitude>
      </Location>
    </AnnotatedStopPointRef>
    <AnnotatedStopPointRef>
      <StopPointRef>1590705218</StopPointRef>
      <CommonName>Lakeside Retail Park</CommonName>
      <Location>
        <Longitude>0.277431</Longitude>
        <Latitude>51.485752</Latitude>
      </Location>
    </AnnotatedStopPointRef>
    <AnnotatedStopPointRef>
      <StopPointRef>1590705217</StopPointRef>
      <CommonName>Lakeside Retail Park</CommonName>
      <Location>
        <Longitude>0.277145</Longitude>
        <Latitude>51.485802</Latitude>
      </Location>
    </AnnotatedStopPointRef>
    <AnnotatedStopPointRef>
      <StopPointRef>1590048201</StopPointRef>
      <CommonName>Costco Roundabout</CommonName>
      <Location>
        <Longitude>0.278957</Longitude>
        <Latitude>51.484292</Latitude>
      </Location>
    </AnnotatedStopPointRef>
    <AnnotatedStopPointRef>
      <StopPointRef>1590705228</StopPointRef>
      <CommonName>Costco Roundabout</CommonName>
      <Location>
        <Longitude>0.277663</Longitude>
        <Latitude>51.484167</Latitude>
      </Location>
    </AnnotatedStopPointRef>
    <AnnotatedStopPointRef>
      <StopPointRef>1590013101</StopPointRef>
      <CommonName>Heron Way</CommonName>
      <Location>
        <Longitude>0.283227</Longitude>
        <Latitude>51.480642</Latitude>
      </Location>
    </AnnotatedStopPointRef>
    <AnnotatedStopPointRef>
      <StopPointRef>1590013201</StopPointRef>
      <CommonName>Heron Way</CommonName>
      <Location>
        <Longitude>0.283060</Longitude>
        <Latitude>51.482219</Latitude>
      </Location>
    </AnnotatedStopPointRef>
    <AnnotatedStopPointRef>
      <StopPointRef>1590013001</StopPointRef>
      <CommonName>Motherwell Way Screwfix</CommonName>
      <Location>
        <Longitude>0.279195</Longitude>
        <Latitude>51.480082</Latitude>
      </Location>
    </AnnotatedStopPointRef>
    <AnnotatedStopPointRef>
      <StopPointRef>1590012901</StopPointRef>
      <CommonName>Motherwell Way Screwfix</CommonName>
      <Location>
        <Longitude>0.278705</Longitude>
        <Latitude>51.479803</Latitude>
      </Location>
    </AnnotatedStopPointRef>
    <AnnotatedStopPointRef>
      <StopPointRef>1590012701</StopPointRef>
      <CommonName>Eastern Avenue</CommonName>
      <Location>
        <Longitude>0.274715</Longitude>
        <Latitude>51.478055</Latitude>
      </Location>
    </AnnotatedStopPointRef>
    <AnnotatedStopPointRef>
      <StopPointRef>1590012801</StopPointRef>
      <CommonName>Eastern Avenue</CommonName>
      <Location>
        <Longitude>0.274368</Longitude>
        <Latitude>51.478611</Latitude>
      </Location>
    </AnnotatedStopPointRef>
    <AnnotatedStopPointRef>
      <StopPointRef>159007075130</StopPointRef>
      <CommonName>Motherwell Way</CommonName>
      <Location>
        <Longitude>0.274912</Longitude>
        <Latitude>51.476217</Latitude>
      </Location>
    </AnnotatedStopPointRef>
    <AnnotatedStopPointRef>
      <StopPointRef>159007075129</StopPointRef>
      <CommonName>First Avenue</CommonName>
      <Location>
        <Longitude>0.275377</Longitude>
        <Latitude>51.475731</Latitude>
      </Location>
    </AnnotatedStopPointRef>
    <AnnotatedStopPointRef>
      <StopPointRef>1590013701</StopPointRef>
      <CommonName>The Rookery</CommonName>
      <Location>
        <Longitude>0.280498</Longitude>
        <Latitude>51.475892</Latitude>
      </Location>
    </AnnotatedStopPointRef>
    <AnnotatedStopPointRef>
      <StopPointRef>1590013801</StopPointRef>
      <CommonName>Elm Terrace</CommonName>
      <Location>
        <Longitude>0.283116</Longitude>
        <Latitude>51.476120</Latitude>
      </Location>
    </AnnotatedStopPointRef>
    <AnnotatedStopPointRef>
      <StopPointRef>1590013601</StopPointRef>
      <CommonName>The Rookery</CommonName>
      <Location>
        <Longitude>0.279298</Longitude>
        <Latitude>51.475808</Latitude>
      </Location>
    </AnnotatedStopPointRef>
    <AnnotatedStopPointRef>
      <StopPointRef>1590014601</StopPointRef>
      <CommonName>The Ship</CommonName>
      <Location>
        <Longitude>0.290697</Longitude>
        <Latitude>51.476530</Latitude>
      </Location>
    </AnnotatedStopPointRef>
    <AnnotatedStopPointRef>
      <StopPointRef>1590014501</StopPointRef>
      <CommonName>The Ship</CommonName>
      <Location>
        <Longitude>0.290445</Longitude>
        <Latitude>51.476391</Latitude>
      </Location>
    </AnnotatedStopPointRef>
    <AnnotatedStopPointRef>
      <StopPointRef>1590014701</StopPointRef>
      <CommonName>Magnet Road</CommonName>
      <Location>
        <Longitude>0.294546</Longitude>
        <Latitude>51.476886</Latitude>
      </Location>
    </AnnotatedStopPointRef>
    <AnnotatedStopPointRef>
      <StopPointRef>1590015001</StopPointRef>
      <CommonName>Mill Lane</CommonName>
      <Location>
        <Longitude>0.298829</Longitude>
        <Latitude>51.477567</Latitude>
      </Location>
    </AnnotatedStopPointRef>
    <AnnotatedStopPointRef>
      <StopPointRef>1590014801</StopPointRef>
      <CommonName>The Shant</CommonName>
      <Location>
        <Longitude>0.296688</Longitude>
        <Latitude>51.477087</Latitude>
      </Location>
    </AnnotatedStopPointRef>
    <AnnotatedStopPointRef>
      <StopPointRef>1590015201</StopPointRef>
      <CommonName>Moore Avenue</CommonName>
      <Location>
        <Longitude>0.302473</Longitude>
        <Latitude>51.477855</Latitude>
      </Location>
    </AnnotatedStopPointRef>
    <AnnotatedStopPointRef>
      <StopPointRef>1590015101</StopPointRef>
      <CommonName>Moore Avenue</CommonName>
      <Location>
        <Longitude>0.301934</Longitude>
        <Latitude>51.477749</Latitude>
      </Location>
    </AnnotatedStopPointRef>
    <AnnotatedStopPointRef>
      <StopPointRef>1590015401</StopPointRef>
      <CommonName>Rosebery Road</CommonName>
      <Location>
        <Longitude>0.310276</Longitude>
        <Latitude>51.476380</Latitude>
      </Location>
    </AnnotatedStopPointRef>
    <AnnotatedStopPointRef>
      <StopPointRef>1590015301</StopPointRef>
      <CommonName>Rosebery Road</CommonName>
      <Location>
        <Longitude>0.308536</Longitude>
        <Latitude>51.476423</Latitude>
      </Location>
    </AnnotatedStopPointRef>
    <AnnotatedStopPointRef>
      <StopPointRef>1590015501</StopPointRef>
      <CommonName>Meesons Lane</CommonName>
      <Location>
        <Longitude>0.311138</Longitude>
        <Latitude>51.476338</Latitude>
      </Location>
    </AnnotatedStopPointRef>
    <AnnotatedStopPointRef>
      <StopPointRef>1590015701</StopPointRef>
      <CommonName>Aldi</CommonName>
      <Location>
        <Longitude>0.315750</Longitude>
        <Latitude>51.476973</Latitude>
      </Location>
    </AnnotatedStopPointRef>
    <AnnotatedStopPointRef>
      <StopPointRef>1590705219</StopPointRef>
      <CommonName>Aldi</CommonName>
      <Location>
        <Longitude>0.315809</Longitude>
        <Latitude>51.477050</Latitude>
      </Location>
    </AnnotatedStopPointRef>
    <AnnotatedStopPointRef>
      <StopPointRef>1590060002</StopPointRef>
      <CommonName>Grays Bus Station, 2</CommonName>
      <Location>
        <Longitude>0.320829</Longitude>
        <Latitude>51.476636</Latitude>
      </Location>
    </AnnotatedStopPointRef>
    <AnnotatedStopPointRef>
      <StopPointRef>1590060005</StopPointRef>
      <CommonName>Grays Bus Station, 5</CommonName>
      <Location>
        <Longitude>0.320207</Longitude>
        <Latitude>51.476822</Latitude>
      </Location>
    </AnnotatedStopPointRef>
  </StopPoints>
  <RouteSections>
    <RouteSection id="rsf_0000">
      <RouteLink id="rl_0000_1">
        <From>
          <StopPointRef>1590047101</StopPointRef>
        </From>
        <To>
          <StopPointRef>1590004901</StopPointRef>
        </To>
      </RouteLink>
      <RouteLink id="rl_0000_2">
        <From>
          <StopPointRef>1590004901</StopPointRef>
        </From>
        <To>
          <StopPointRef>1590004801</StopPointRef>
        </To>
      </RouteLink>
      <RouteLink id="rl_0000_3">
        <From>
          <StopPointRef>1590004801</StopPointRef>
        </From>
        <To>
          <StopPointRef>1590004601</StopPointRef>
        </To>
      </RouteLink>
      <RouteLink id="rl_0000_4">
        <From>
          <StopPointRef>1590004601</StopPointRef>
        </From>
        <To>
          <StopPointRef>1590004101</StopPointRef>
        </To>
      </RouteLink>
      <RouteLink id="rl_0000_5">
        <From>
          <StopPointRef>1590004101</StopPointRef>
        </From>
        <To>
          <StopPointRef>15907075122</StopPointRef>
        </To>
      </RouteLink>
      <RouteLink id="rl_0000_6">
        <From>
          <StopPointRef>15907075122</StopPointRef>
        </From>
        <To>
          <StopPointRef>1590003901</StopPointRef>
        </To>
      </RouteLink>
      <RouteLink id="rl_0000_7">
        <From>
          <StopPointRef>1590003901</StopPointRef>
        </From>
        <To>
          <StopPointRef>1590005301</StopPointRef>
        </To>
      </RouteLink>
      <RouteLink id="rl_0000_8">
        <From>
          <StopPointRef>1590005301</StopPointRef>
        </From>
        <To>
          <StopPointRef>1590005501</StopPointRef>
        </To>
      </RouteLink>
      <RouteLink id="rl_0000_9">
        <From>
          <StopPointRef>1590005501</StopPointRef>
        </From>
        <To>
          <StopPointRef>1590005701</StopPointRef>
        </To>
      </RouteLink>
      <RouteLink id="rl_0000_10">
        <From>
          <StopPointRef>1590005701</StopPointRef>
        </From>
        <To>
          <StopPointRef>1590005901</StopPointRef>
        </To>
      </RouteLink>
      <RouteLink id="rl_0000_11">
        <From>
          <StopPointRef>1590005901</StopPointRef>
        </From>
        <To>
          <StopPointRef>1590006101</StopPointRef>
        </To>
      </RouteLink>
      <RouteLink id="rl_0000_12">
        <From>
          <StopPointRef>1590006101</StopPointRef>
        </From>
        <To>
          <StopPointRef>1590007301</StopPointRef>
        </To>
      </RouteLink>
      <RouteLink id="rl_0000_13">
        <From>
          <StopPointRef>1590007301</StopPointRef>
        </From>
        <To>
          <StopPointRef>1590007001</StopPointRef>
        </To>
      </RouteLink>
      <RouteLink id="rl_0000_14">
        <From>
          <StopPointRef>1590007001</StopPointRef>
        </From>
        <To>
          <StopPointRef>1590006801</StopPointRef>
        </To>
      </RouteLink>
      <RouteLink id="rl_0000_15">
        <From>
          <StopPointRef>1590006801</StopPointRef>
        </From>
        <To>
          <StopPointRef>1590006601</StopPointRef>
        </To>
      </RouteLink>
      <RouteLink id="rl_0000_16">
        <From>
          <StopPointRef>1590006601</StopPointRef>
        </From>
        <To>
          <StopPointRef>1590008301</StopPointRef>
        </To>
      </RouteLink>
      <RouteLink id="rl_0000_17">
        <From>
          <StopPointRef>1590008301</StopPointRef>
        </From>
        <To>
          <StopPointRef>1590008601</StopPointRef>
        </To>
      </RouteLink>
      <RouteLink id="rl_0000_18">
        <From>
          <StopPointRef>1590008601</StopPointRef>
        </From>
        <To>
          <StopPointRef>1590045901</StopPointRef>
        </To>
      </RouteLink>
      <RouteLink id="rl_0000_19">
        <From>
          <StopPointRef>1590045901</StopPointRef>
        </From>
        <To>
          <StopPointRef>15907075117</StopPointRef>
        </To>
      </RouteLink>
      <RouteLink id="rl_0000_20">
        <From>
          <StopPointRef>15907075117</StopPointRef>
        </From>
        <To>
          <StopPointRef>1590701301</StopPointRef>
        </To>
      </RouteLink>
      <RouteLink id="rl_0000_21">
        <From>
          <StopPointRef>1590701301</StopPointRef>
        </From>
        <To>
          <StopPointRef>1590060107</StopPointRef>
        </To>
      </RouteLink>
    </RouteSection>
    <RouteSection id="rsf_0001">
      <RouteLink id="rl_0001_1">
        <From>
          <StopPointRef>1590047101</StopPointRef>
        </From>
        <To>
          <StopPointRef>1590004901</StopPointRef>
        </To>
      </RouteLink>
      <RouteLink id="rl_0001_2">
        <From>
          <StopPointRef>1590004901</StopPointRef>
        </From>
        <To>
          <StopPointRef>1590004801</StopPointRef>
        </To>
      </RouteLink>
      <RouteLink id="rl_0001_3">
        <From>
          <StopPointRef>1590004801</StopPointRef>
        </From>
        <To>
          <StopPointRef>1590004601</StopPointRef>
        </To>
      </RouteLink>
      <RouteLink id="rl_0001_4">
        <From>
          <StopPointRef>1590004601</StopPointRef>
        </From>
        <To>
          <StopPointRef>1590004101</StopPointRef>
        </To>
      </RouteLink>
      <RouteLink id="rl_0001_5">
        <From>
          <StopPointRef>1590004101</StopPointRef>
        </From>
        <To>
          <StopPointRef>15907075122</StopPointRef>
        </To>
      </RouteLink>
      <RouteLink id="rl_0001_6">
        <From>
          <StopPointRef>15907075122</StopPointRef>
        </From>
        <To>
          <StopPointRef>1590003901</StopPointRef>
        </To>
      </RouteLink>
      <RouteLink id="rl_0001_7">
        <From>
          <StopPointRef>1590003901</StopPointRef>
        </From>
        <To>
          <StopPointRef>1590005301</StopPointRef>
        </To>
      </RouteLink>
      <RouteLink id="rl_0001_8">
        <From>
          <StopPointRef>1590005301</StopPointRef>
        </From>
        <To>
          <StopPointRef>1590005501</StopPointRef>
        </To>
      </RouteLink>
      <RouteLink id="rl_0001_9">
        <From>
          <StopPointRef>1590005501</StopPointRef>
        </From>
        <To>
          <StopPointRef>1590005701</StopPointRef>
        </To>
      </RouteLink>
      <RouteLink id="rl_0001_10">
        <From>
          <StopPointRef>1590005701</StopPointRef>
        </From>
        <To>
          <StopPointRef>1590005901</StopPointRef>
        </To>
      </RouteLink>
      <RouteLink id="rl_0001_11">
        <From>
          <StopPointRef>1590005901</StopPointRef>
        </From>
        <To>
          <StopPointRef>1590006101</StopPointRef>
        </To>
      </RouteLink>
      <RouteLink id="rl_0001_12">
        <From>
          <StopPointRef>1590006101</StopPointRef>
        </From>
        <To>
          <StopPointRef>1590007301</StopPointRef>
        </To>
      </RouteLink>
      <RouteLink id="rl_0001_13">
        <From>
          <StopPointRef>1590007301</StopPointRef>
        </From>
        <To>
          <StopPointRef>1590007001</StopPointRef>
        </To>
      </RouteLink>
      <RouteLink id="rl_0001_14">
        <From>
          <StopPointRef>1590007001</StopPointRef>
        </From>
        <To>
          <StopPointRef>1590006801</StopPointRef>
        </To>
      </RouteLink>
      <RouteLink id="rl_0001_15">
        <From>
          <StopPointRef>1590006801</StopPointRef>
        </From>
        <To>
          <StopPointRef>1590006601</StopPointRef>
        </To>
      </RouteLink>
      <RouteLink id="rl_0001_16">
        <From>
          <StopPointRef>1590006601</StopPointRef>
        </From>
        <To>
          <StopPointRef>1590008301</StopPointRef>
        </To>
      </RouteLink>
      <RouteLink id="rl_0001_17">
        <From>
          <StopPointRef>1590008301</StopPointRef>
        </From>
        <To>
          <StopPointRef>1590008601</StopPointRef>
        </To>
      </RouteLink>
      <RouteLink id="rl_0001_18">
        <From>
          <StopPointRef>1590008601</StopPointRef>
        </From>
        <To>
          <StopPointRef>1590045901</StopPointRef>
        </To>
      </RouteLink>
      <RouteLink id="rl_0001_19">
        <From>
          <StopPointRef>1590045901</StopPointRef>
        </From>
        <To>
          <StopPointRef>15907075117</StopPointRef>
        </To>
      </RouteLink>
      <RouteLink id="rl_0001_20">
        <From>
          <StopPointRef>15907075117</StopPointRef>
        </From>
        <To>
          <StopPointRef>1590701301</StopPointRef>
        </To>
      </RouteLink>
      <RouteLink id="rl_0001_21">
        <From>
          <StopPointRef>1590701301</StopPointRef>
        </From>
        <To>
          <StopPointRef>1590060107</StopPointRef>
        </To>
      </RouteLink>
    </RouteSection>
    <RouteSection id="rsf_0002">
      <RouteLink id="rl_0002_1">
        <From>
          <StopPointRef>1590000401</StopPointRef>
        </From>
        <To>
          <StopPointRef>1590000201</StopPointRef>
        </To>
      </RouteLink>
      <RouteLink id="rl_0002_2">
        <From>
          <StopPointRef>1590000201</StopPointRef>
        </From>
        <To>
          <StopPointRef>15907075102</StopPointRef>
        </To>
      </RouteLink>
      <RouteLink id="rl_0002_3">
        <From>
          <StopPointRef>15907075102</StopPointRef>
        </From>
        <To>
          <StopPointRef>1590002201</StopPointRef>
        </To>
      </RouteLink>
      <RouteLink id="rl_0002_4">
        <From>
          <StopPointRef>1590002201</StopPointRef>
        </From>
        <To>
          <StopPointRef>1590002401</StopPointRef>
        </To>
      </RouteLink>
      <RouteLink id="rl_0002_5">
        <From>
          <StopPointRef>1590002401</StopPointRef>
        </From>
        <To>
          <StopPointRef>1590004301</StopPointRef>
        </To>
      </RouteLink>
      <RouteLink id="rl_0002_6">
        <From>
          <StopPointRef>1590004301</StopPointRef>
        </From>
        <To>
          <StopPointRef>1590004501</StopPointRef>
        </To>
      </RouteLink>
      <RouteLink id="rl_0002_7">
        <From>
          <StopPointRef>1590004501</StopPointRef>
        </From>
        <To>
          <StopPointRef>1590004701</StopPointRef>
        </To>
      </RouteLink>
      <RouteLink id="rl_0002_8">
        <From>
          <StopPointRef>1590004701</StopPointRef>
        </From>
        <To>
          <StopPointRef>1590005001</StopPointRef>
        </To>
      </RouteLink>
      <RouteLink id="rl_0002_9">
        <From>
          <StopPointRef>1590005001</StopPointRef>
        </From>
        <To>
          <StopPointRef>1590005101</StopPointRef>
        </To>
      </RouteLink>
      <RouteLink id="rl_0002_10">
        <From>
          <StopPointRef>1590005101</StopPointRef>
        </From>
        <To>
          <StopPointRef>1590047101</StopPointRef>
        </To>
      </RouteLink>
      <RouteLink id="rl_0002_11">
        <From>
          <StopPointRef>1590047101</StopPointRef>
        </From>
        <To>
          <StopPointRef>1590004901</StopPointRef>
        </To>
      </RouteLink>
      <RouteLink id="rl_0002_12">
        <From>
          <StopPointRef>1590004901</StopPointRef>
        </From>
        <To>
          <StopPointRef>1590004801</StopPointRef>
        </To>
      </RouteLink>
      <RouteLink id="rl_0002_13">
        <From>
          <StopPointRef>1590004801</StopPointRef>
        </From>
        <To>
          <StopPointRef>1590004601</StopPointRef>
        </To>
      </RouteLink>
      <RouteLink id="rl_0002_14">
        <From>
          <StopPointRef>1590004601</StopPointRef>
        </From>
        <To>
          <StopPointRef>1590004101</StopPointRef>
        </To>
      </RouteLink>
      <RouteLink id="rl_0002_15">
        <From>
          <StopPointRef>1590004101</StopPointRef>
        </From>
        <To>
          <StopPointRef>15907075122</StopPointRef>
        </To>
      </RouteLink>
      <RouteLink id="rl_0002_16">
        <From>
          <StopPointRef>15907075122</StopPointRef>
        </From>
        <To>
          <StopPointRef>1590003901</StopPointRef>
        </To>
      </RouteLink>
      <RouteLink id="rl_0002_17">
        <From>
          <StopPointRef>1590003901</StopPointRef>
        </From>
        <To>
          <StopPointRef>1590005301</StopPointRef>
        </To>
      </RouteLink>
      <RouteLink id="rl_0002_18">
        <From>
          <StopPointRef>1590005301</StopPointRef>
        </From>
        <To>
          <StopPointRef>1590005501</StopPointRef>
        </To>
      </RouteLink>
      <RouteLink id="rl_0002_19">
        <From>
          <StopPointRef>1590005501</StopPointRef>
        </From>
        <To>
          <StopPointRef>1590005701</StopPointRef>
        </To>
      </RouteLink>
      <RouteLink id="rl_0002_20">
        <From>
          <StopPointRef>1590005701</StopPointRef>
        </From>
        <To>
          <StopPointRef>1590005901</StopPointRef>
        </To>
      </RouteLink>
      <RouteLink id="rl_0002_21">
        <From>
          <StopPointRef>1590005901</StopPointRef>
        </From>
        <To>
          <StopPointRef>1590006101</StopPointRef>
        </To>
      </RouteLink>
      <RouteLink id="rl_0002_22">
        <From>
          <StopPointRef>1590006101</StopPointRef>
        </From>
        <To>
          <StopPointRef>1590007301</StopPointRef>
        </To>
      </RouteLink>
      <RouteLink id="rl_0002_23">
        <From>
          <StopPointRef>1590007301</StopPointRef>
        </From>
        <To>
          <StopPointRef>1590007001</StopPointRef>
        </To>
      </RouteLink>
      <RouteLink id="rl_0002_24">
        <From>
          <StopPointRef>1590007001</StopPointRef>
        </From>
        <To>
          <StopPointRef>1590006801</StopPointRef>
        </To>
      </RouteLink>
      <RouteLink id="rl_0002_25">
        <From>
          <StopPointRef>1590006801</StopPointRef>
        </From>
        <To>
          <StopPointRef>1590006601</StopPointRef>
        </To>
      </RouteLink>
      <RouteLink id="rl_0002_26">
        <From>
          <StopPointRef>1590006601</StopPointRef>
        </From>
        <To>
          <StopPointRef>1590008301</StopPointRef>
        </To>
      </RouteLink>
      <RouteLink id="rl_0002_27">
        <From>
          <StopPointRef>1590008301</StopPointRef>
        </From>
        <To>
          <StopPointRef>1590008601</StopPointRef>
        </To>
      </RouteLink>
      <RouteLink id="rl_0002_28">
        <From>
          <StopPointRef>1590008601</StopPointRef>
        </From>
        <To>
          <StopPointRef>1590045901</StopPointRef>
        </To>
      </RouteLink>
      <RouteLink id="rl_0002_29">
        <From>
          <StopPointRef>1590045901</StopPointRef>
        </From>
        <To>
          <StopPointRef>15907075117</StopPointRef>
        </To>
      </RouteLink>
      <RouteLink id="rl_0002_30">
        <From>
          <StopPointRef>15907075117</StopPointRef>
        </From>
        <To>
          <StopPointRef>1590701301</StopPointRef>
        </To>
      </RouteLink>
      <RouteLink id="rl_0002_31">
        <From>
          <StopPointRef>1590701301</StopPointRef>
        </From>
        <To>
          <StopPointRef>1590060107</StopPointRef>
        </To>
      </RouteLink>
    </RouteSection>
  </RouteSections>
  <Routes>
    <Route id="rt_0000">
      <Description>No route description available</Description>
      <RouteSectionRef>rsf_0000</RouteSectionRef>
    </Route>
    <Route id="rt_0001">
      <Description>No route description available</Description>
      <RouteSectionRef>rsf_0001</RouteSectionRef>
    </Route>
    <Route id="rt_0002">
      <Description>No route description available</Description>
      <RouteSectionRef>rsf_0002</RouteSectionRef>
    </Route>
  </Routes>
  <JourneyPatternSections>
    <JourneyPatternSection id="js_1">
      <JourneyPatternTimingLink id="jptl_1">
        <From SequenceNumber="11">
          <Activity>pickUp</Activity>
          <StopPointRef>1590047101</StopPointRef>
          <TimingStatus>principalTimingPoint</TimingStatus>
        </From>
        <To SequenceNumber="12">
          <StopPointRef>1590004901</StopPointRef>
          <TimingStatus>otherPoint</TimingStatus>
        </To>
        <RouteLinkRef>rl_0000_1</RouteLinkRef>
        <RunTime>PT1M</RunTime>
      </JourneyPatternTimingLink>
      <JourneyPatternTimingLink id="jptl_2">
        <From SequenceNumber="12">
          <StopPointRef>1590004901</StopPointRef>
          <TimingStatus>otherPoint</TimingStatus>
        </From>
        <To SequenceNumber="13">
          <StopPointRef>1590004801</StopPointRef>
          <TimingStatus>otherPoint</TimingStatus>
        </To>
        <RouteLinkRef>rl_0000_2</RouteLinkRef>
        <RunTime>PT1M</RunTime>
      </JourneyPatternTimingLink>
      <JourneyPatternTimingLink id="jptl_3">
        <From SequenceNumber="13">
          <StopPointRef>1590004801</StopPointRef>
          <TimingStatus>otherPoint</TimingStatus>
        </From>
        <To SequenceNumber="14">
          <StopPointRef>1590004601</StopPointRef>
          <TimingStatus>otherPoint</TimingStatus>
        </To>
        <RouteLinkRef>rl_0000_3</RouteLinkRef>
        <RunTime>PT1M</RunTime>
      </JourneyPatternTimingLink>
      <JourneyPatternTimingLink id="jptl_4">
        <From SequenceNumber="14">
          <StopPointRef>1590004601</StopPointRef>
          <TimingStatus>otherPoint</TimingStatus>
        </From>
        <To SequenceNumber="15">
          <StopPointRef>1590004101</StopPointRef>
          <TimingStatus>principalTimingPoint</TimingStatus>
        </To>
        <RouteLinkRef>rl_0000_4</RouteLinkRef>
        <RunTime>PT1M</RunTime>
      </JourneyPatternTimingLink>
      <JourneyPatternTimingLink id="jptl_5">
        <From SequenceNumber="15">
          <StopPointRef>1590004101</StopPointRef>
          <TimingStatus>principalTimingPoint</TimingStatus>
        </From>
        <To SequenceNumber="16">
          <StopPointRef>15907075122</StopPointRef>
          <TimingStatus>otherPoint</TimingStatus>
        </To>
        <RouteLinkRef>rl_0000_5</RouteLinkRef>
        <RunTime>PT1M</RunTime>
      </JourneyPatternTimingLink>
      <JourneyPatternTimingLink id="jptl_6">
        <From SequenceNumber="16">
          <StopPointRef>15907075122</StopPointRef>
          <TimingStatus>otherPoint</TimingStatus>
        </From>
        <To SequenceNumber="17">
          <StopPointRef>1590003901</StopPointRef>
          <TimingStatus>otherPoint</TimingStatus>
        </To>
        <RouteLinkRef>rl_0000_6</RouteLinkRef>
        <RunTime>PT0S</RunTime>
      </JourneyPatternTimingLink>
      <JourneyPatternTimingLink id="jptl_7">
        <From SequenceNumber="17">
          <StopPointRef>1590003901</StopPointRef>
          <TimingStatus>otherPoint</TimingStatus>
        </From>
        <To SequenceNumber="18">
          <StopPointRef>1590005301</StopPointRef>
          <TimingStatus>otherPoint</TimingStatus>
        </To>
        <RouteLinkRef>rl_0000_7</RouteLinkRef>
        <RunTime>PT2M</RunTime>
      </JourneyPatternTimingLink>
      <JourneyPatternTimingLink id="jptl_8">
        <From SequenceNumber="18">
          <StopPointRef>1590005301</StopPointRef>
          <TimingStatus>otherPoint</TimingStatus>
        </From>
        <To SequenceNumber="19">
          <StopPointRef>1590005501</StopPointRef>
          <TimingStatus>otherPoint</TimingStatus>
        </To>
        <RouteLinkRef>rl_0000_8</RouteLinkRef>
        <RunTime>PT1M</RunTime>
      </JourneyPatternTimingLink>
      <JourneyPatternTimingLink id="jptl_9">
        <From SequenceNumber="19">
          <StopPointRef>1590005501</StopPointRef>
          <TimingStatus>otherPoint</TimingStatus>
        </From>
        <To SequenceNumber="20">
          <StopPointRef>1590005701</StopPointRef>
          <TimingStatus>principalTimingPoint</TimingStatus>
        </To>
        <RouteLinkRef>rl_0000_9</RouteLinkRef>
        <RunTime>PT0S</RunTime>
      </JourneyPatternTimingLink>
      <JourneyPatternTimingLink id="jptl_10">
        <From SequenceNumber="20">
          <StopPointRef>1590005701</StopPointRef>
          <TimingStatus>principalTimingPoint</TimingStatus>
        </From>
        <To SequenceNumber="21">
          <StopPointRef>1590005901</StopPointRef>
          <TimingStatus>otherPoint</TimingStatus>
        </To>
        <RouteLinkRef>rl_0000_10</RouteLinkRef>
        <RunTime>PT2M</RunTime>
      </JourneyPatternTimingLink>
      <JourneyPatternTimingLink id="jptl_11">
        <From SequenceNumber="21">
          <StopPointRef>1590005901</StopPointRef>
          <TimingStatus>otherPoint</TimingStatus>
        </From>
        <To SequenceNumber="22">
          <StopPointRef>1590006101</StopPointRef>
          <TimingStatus>otherPoint</TimingStatus>
        </To>
        <RouteLinkRef>rl_0000_11</RouteLinkRef>
        <RunTime>PT1M</RunTime>
      </JourneyPatternTimingLink>
      <JourneyPatternTimingLink id="jptl_12">
        <From SequenceNumber="22">
          <StopPointRef>1590006101</StopPointRef>
          <TimingStatus>otherPoint</TimingStatus>
        </From>
        <To SequenceNumber="23">
          <StopPointRef>1590007301</StopPointRef>
          <TimingStatus>otherPoint</TimingStatus>
        </To>
        <RouteLinkRef>rl_0000_12</RouteLinkRef>
        <RunTime>PT1M</RunTime>
      </JourneyPatternTimingLink>
      <JourneyPatternTimingLink id="jptl_13">
        <From SequenceNumber="23">
          <StopPointRef>1590007301</StopPointRef>
          <TimingStatus>otherPoint</TimingStatus>
        </From>
        <To SequenceNumber="24">
          <StopPointRef>1590007001</StopPointRef>
          <TimingStatus>principalTimingPoint</TimingStatus>
        </To>
        <RouteLinkRef>rl_0000_13</RouteLinkRef>
        <RunTime>PT2M</RunTime>
      </JourneyPatternTimingLink>
      <JourneyPatternTimingLink id="jptl_14">
        <From SequenceNumber="24">
          <StopPointRef>1590007001</StopPointRef>
          <TimingStatus>principalTimingPoint</TimingStatus>
        </From>
        <To SequenceNumber="25">
          <StopPointRef>1590006801</StopPointRef>
          <TimingStatus>otherPoint</TimingStatus>
        </To>
        <RouteLinkRef>rl_0000_14</RouteLinkRef>
        <RunTime>PT0S</RunTime>
      </JourneyPatternTimingLink>
      <JourneyPatternTimingLink id="jptl_15">
        <From SequenceNumber="25">
          <StopPointRef>1590006801</StopPointRef>
          <TimingStatus>otherPoint</TimingStatus>
        </From>
        <To SequenceNumber="26">
          <StopPointRef>1590006601</StopPointRef>
          <TimingStatus>otherPoint</TimingStatus>
        </To>
        <RouteLinkRef>rl_0000_15</RouteLinkRef>
        <RunTime>PT2M</RunTime>
      </JourneyPatternTimingLink>
      <JourneyPatternTimingLink id="jptl_16">
        <From SequenceNumber="26">
          <StopPointRef>1590006601</StopPointRef>
          <TimingStatus>otherPoint</TimingStatus>
        </From>
        <To SequenceNumber="27">
          <StopPointRef>1590008301</StopPointRef>
          <TimingStatus>principalTimingPoint</TimingStatus>
        </To>
        <RouteLinkRef>rl_0000_16</RouteLinkRef>
        <RunTime>PT1M</RunTime>
      </JourneyPatternTimingLink>
      <JourneyPatternTimingLink id="jptl_17">
        <From SequenceNumber="27">
          <StopPointRef>1590008301</StopPointRef>
          <TimingStatus>principalTimingPoint</TimingStatus>
        </From>
        <To SequenceNumber="28">
          <StopPointRef>1590008601</StopPointRef>
          <TimingStatus>otherPoint</TimingStatus>
        </To>
        <RouteLinkRef>rl_0000_17</RouteLinkRef>
        <RunTime>PT1M</RunTime>
      </JourneyPatternTimingLink>
      <JourneyPatternTimingLink id="jptl_18">
        <From SequenceNumber="28">
          <StopPointRef>1590008601</StopPointRef>
          <TimingStatus>otherPoint</TimingStatus>
        </From>
        <To SequenceNumber="29">
          <StopPointRef>1590045901</StopPointRef>
          <TimingStatus>otherPoint</TimingStatus>
        </To>
        <RouteLinkRef>rl_0000_18</RouteLinkRef>
        <RunTime>PT2M</RunTime>
      </JourneyPatternTimingLink>
      <JourneyPatternTimingLink id="jptl_19">
        <From SequenceNumber="29">
          <StopPointRef>1590045901</StopPointRef>
          <TimingStatus>otherPoint</TimingStatus>
        </From>
        <To SequenceNumber="30">
          <StopPointRef>15907075117</StopPointRef>
          <TimingStatus>otherPoint</TimingStatus>
        </To>
        <RouteLinkRef>rl_0000_19</RouteLinkRef>
        <RunTime>PT1M</RunTime>
      </JourneyPatternTimingLink>
      <JourneyPatternTimingLink id="jptl_20">
        <From SequenceNumber="30">
          <StopPointRef>15907075117</StopPointRef>
          <TimingStatus>otherPoint</TimingStatus>
        </From>
        <To SequenceNumber="31">
          <StopPointRef>1590701301</StopPointRef>
          <TimingStatus>otherPoint</TimingStatus>
        </To>
        <RouteLinkRef>rl_0000_20</RouteLinkRef>
        <RunTime>PT1M</RunTime>
      </JourneyPatternTimingLink>
      <JourneyPatternTimingLink id="jptl_21">
        <From SequenceNumber="31">
          <StopPointRef>1590701301</StopPointRef>
          <TimingStatus>otherPoint</TimingStatus>
        </From>
        <To SequenceNumber="32">
          <Activity>setDown</Activity>
          <StopPointRef>1590060107</StopPointRef>
          <TimingStatus>principalTimingPoint</TimingStatus>
        </To>
        <RouteLinkRef>rl_0000_21</RouteLinkRef>
        <RunTime>PT4M</RunTime>
      </JourneyPatternTimingLink>
    </JourneyPatternSection>
    <JourneyPatternSection id="js_2">
      <JourneyPatternTimingLink id="jptl_22">
        <From SequenceNumber="11">
          <Activity>pickUp</Activity>
          <StopPointRef>1590047101</StopPointRef>
          <TimingStatus>principalTimingPoint</TimingStatus>
        </From>
        <To SequenceNumber="12">
          <StopPointRef>1590004901</StopPointRef>
          <TimingStatus>otherPoint</TimingStatus>
        </To>
        <RouteLinkRef>rl_0001_1</RouteLinkRef>
        <RunTime>PT1M</RunTime>
      </JourneyPatternTimingLink>
      <JourneyPatternTimingLink id="jptl_23">
        <From SequenceNumber="12">
          <StopPointRef>1590004901</StopPointRef>
          <TimingStatus>otherPoint</TimingStatus>
        </From>
        <To SequenceNumber="13">
          <StopPointRef>1590004801</StopPointRef>
          <TimingStatus>otherPoint</TimingStatus>
        </To>
        <RouteLinkRef>rl_0001_2</RouteLinkRef>
        <RunTime>PT1M</RunTime>
      </JourneyPatternTimingLink>
      <JourneyPatternTimingLink id="jptl_24">
        <From SequenceNumber="13">
          <StopPointRef>1590004801</StopPointRef>
          <TimingStatus>otherPoint</TimingStatus>
        </From>
        <To SequenceNumber="14">
          <StopPointRef>1590004601</StopPointRef>
          <TimingStatus>otherPoint</TimingStatus>
        </To>
        <RouteLinkRef>rl_0001_3</RouteLinkRef>
        <RunTime>PT1M</RunTime>
      </JourneyPatternTimingLink>
      <JourneyPatternTimingLink id="jptl_25">
        <From SequenceNumber="14">
          <StopPointRef>1590004601</StopPointRef>
          <TimingStatus>otherPoint</TimingStatus>
        </From>
        <To SequenceNumber="15">
          <StopPointRef>1590004101</StopPointRef>
          <TimingStatus>principalTimingPoint</TimingStatus>
        </To>
        <RouteLinkRef>rl_0001_4</RouteLinkRef>
        <RunTime>PT1M</RunTime>
      </JourneyPatternTimingLink>
      <JourneyPatternTimingLink id="jptl_26">
        <From SequenceNumber="15">
          <StopPointRef>1590004101</StopPointRef>
          <TimingStatus>principalTimingPoint</TimingStatus>
        </From>
        <To SequenceNumber="16">
          <StopPointRef>15907075122</StopPointRef>
          <TimingStatus>otherPoint</TimingStatus>
        </To>
        <RouteLinkRef>rl_0001_5</RouteLinkRef>
        <RunTime>PT1M</RunTime>
      </JourneyPatternTimingLink>
      <JourneyPatternTimingLink id="jptl_27">
        <From SequenceNumber="16">
          <StopPointRef>15907075122</StopPointRef>
          <TimingStatus>otherPoint</TimingStatus>
        </From>
        <To SequenceNumber="17">
          <StopPointRef>1590003901</StopPointRef>
          <TimingStatus>otherPoint</TimingStatus>
        </To>
        <RouteLinkRef>rl_0001_6</RouteLinkRef>
        <RunTime>PT0S</RunTime>
      </JourneyPatternTimingLink>
      <JourneyPatternTimingLink id="jptl_28">
        <From SequenceNumber="17">
          <StopPointRef>1590003901</StopPointRef>
          <TimingStatus>otherPoint</TimingStatus>
        </From>
        <To SequenceNumber="18">
          <StopPointRef>1590005301</StopPointRef>
          <TimingStatus>otherPoint</TimingStatus>
        </To>
        <RouteLinkRef>rl_0001_7</RouteLinkRef>
        <RunTime>PT3M</RunTime>
      </JourneyPatternTimingLink>
      <JourneyPatternTimingLink id="jptl_29">
        <From SequenceNumber="18">
          <StopPointRef>1590005301</StopPointRef>
          <TimingStatus>otherPoint</TimingStatus>
        </From>
        <To SequenceNumber="19">
          <StopPointRef>1590005501</StopPointRef>
          <TimingStatus>otherPoint</TimingStatus>
        </To>
        <RouteLinkRef>rl_0001_8</RouteLinkRef>
        <RunTime>PT0S</RunTime>
      </JourneyPatternTimingLink>
      <JourneyPatternTimingLink id="jptl_30">
        <From SequenceNumber="19">
          <StopPointRef>1590005501</StopPointRef>
          <TimingStatus>otherPoint</TimingStatus>
        </From>
        <To SequenceNumber="20">
          <StopPointRef>1590005701</StopPointRef>
          <TimingStatus>principalTimingPoint</TimingStatus>
        </To>
        <RouteLinkRef>rl_0001_9</RouteLinkRef>
        <RunTime>PT1M</RunTime>
      </JourneyPatternTimingLink>
      <JourneyPatternTimingLink id="jptl_31">
        <From SequenceNumber="20">
          <StopPointRef>1590005701</StopPointRef>
          <TimingStatus>principalTimingPoint</TimingStatus>
        </From>
        <To SequenceNumber="21">
          <StopPointRef>1590005901</StopPointRef>
          <TimingStatus>otherPoint</TimingStatus>
        </To>
        <RouteLinkRef>rl_0001_10</RouteLinkRef>
        <RunTime>PT2M</RunTime>
      </JourneyPatternTimingLink>
      <JourneyPatternTimingLink id="jptl_32">
        <From SequenceNumber="21">
          <StopPointRef>1590005901</StopPointRef>
          <TimingStatus>otherPoint</TimingStatus>
        </From>
        <To SequenceNumber="22">
          <StopPointRef>1590006101</StopPointRef>
          <TimingStatus>otherPoint</TimingStatus>
        </To>
        <RouteLinkRef>rl_0001_11</RouteLinkRef>
        <RunTime>PT1M</RunTime>
      </JourneyPatternTimingLink>
      <JourneyPatternTimingLink id="jptl_33">
        <From SequenceNumber="22">
          <StopPointRef>1590006101</StopPointRef>
          <TimingStatus>otherPoint</TimingStatus>
        </From>
        <To SequenceNumber="23">
          <StopPointRef>1590007301</StopPointRef>
          <TimingStatus>otherPoint</TimingStatus>
        </To>
        <RouteLinkRef>rl_0001_12</RouteLinkRef>
        <RunTime>PT1M</RunTime>
      </JourneyPatternTimingLink>
      <JourneyPatternTimingLink id="jptl_34">
        <From SequenceNumber="23">
          <StopPointRef>1590007301</StopPointRef>
          <TimingStatus>otherPoint</TimingStatus>
        </From>
        <To SequenceNumber="24">
          <StopPointRef>1590007001</StopPointRef>
          <TimingStatus>principalTimingPoint</TimingStatus>
        </To>
        <RouteLinkRef>rl_0001_13</RouteLinkRef>
        <RunTime>PT2M</RunTime>
      </JourneyPatternTimingLink>
      <JourneyPatternTimingLink id="jptl_35">
        <From SequenceNumber="24">
          <StopPointRef>1590007001</StopPointRef>
          <TimingStatus>principalTimingPoint</TimingStatus>
        </From>
        <To SequenceNumber="25">
          <StopPointRef>1590006801</StopPointRef>
          <TimingStatus>otherPoint</TimingStatus>
        </To>
        <RouteLinkRef>rl_0001_14</RouteLinkRef>
        <RunTime>PT0S</RunTime>
      </JourneyPatternTimingLink>
      <JourneyPatternTimingLink id="jptl_36">
        <From SequenceNumber="25">
          <StopPointRef>1590006801</StopPointRef>
          <TimingStatus>otherPoint</TimingStatus>
        </From>
        <To SequenceNumber="26">
          <StopPointRef>1590006601</StopPointRef>
          <TimingStatus>otherPoint</TimingStatus>
        </To>
        <RouteLinkRef>rl_0001_15</RouteLinkRef>
        <RunTime>PT2M</RunTime>
      </JourneyPatternTimingLink>
      <JourneyPatternTimingLink id="jptl_37">
        <From SequenceNumber="26">
          <StopPointRef>1590006601</StopPointRef>
          <TimingStatus>otherPoint</TimingStatus>
        </From>
        <To SequenceNumber="27">
          <StopPointRef>1590008301</StopPointRef>
          <TimingStatus>principalTimingPoint</TimingStatus>
        </To>
        <RouteLinkRef>rl_0001_16</RouteLinkRef>
        <RunTime>PT1M</RunTime>
      </JourneyPatternTimingLink>
      <JourneyPatternTimingLink id="jptl_38">
        <From SequenceNumber="27">
          <StopPointRef>1590008301</StopPointRef>
          <TimingStatus>principalTimingPoint</TimingStatus>
        </From>
        <To SequenceNumber="28">
          <StopPointRef>1590008601</StopPointRef>
          <TimingStatus>otherPoint</TimingStatus>
        </To>
        <RouteLinkRef>rl_0001_17</RouteLinkRef>
        <RunTime>PT1M</RunTime>
      </JourneyPatternTimingLink>
      <JourneyPatternTimingLink id="jptl_39">
        <From SequenceNumber="28">
          <StopPointRef>1590008601</StopPointRef>
          <TimingStatus>otherPoint</TimingStatus>
        </From>
        <To SequenceNumber="29">
          <StopPointRef>1590045901</StopPointRef>
          <TimingStatus>otherPoint</TimingStatus>
        </To>
        <RouteLinkRef>rl_0001_18</RouteLinkRef>
        <RunTime>PT1M</RunTime>
      </JourneyPatternTimingLink>
      <JourneyPatternTimingLink id="jptl_40">
        <From SequenceNumber="29">
          <StopPointRef>1590045901</StopPointRef>
          <TimingStatus>otherPoint</TimingStatus>
        </From>
        <To SequenceNumber="30">
          <StopPointRef>15907075117</StopPointRef>
          <TimingStatus>otherPoint</TimingStatus>
        </To>
        <RouteLinkRef>rl_0001_19</RouteLinkRef>
        <RunTime>PT2M</RunTime>
      </JourneyPatternTimingLink>
      <JourneyPatternTimingLink id="jptl_41">
        <From SequenceNumber="30">
          <StopPointRef>15907075117</StopPointRef>
          <TimingStatus>otherPoint</TimingStatus>
        </From>
        <To SequenceNumber="31">
          <StopPointRef>1590701301</StopPointRef>
          <TimingStatus>otherPoint</TimingStatus>
        </To>
        <RouteLinkRef>rl_0001_20</RouteLinkRef>
        <RunTime>PT1M</RunTime>
      </JourneyPatternTimingLink>
      <JourneyPatternTimingLink id="jptl_42">
        <From SequenceNumber="31">
          <StopPointRef>1590701301</StopPointRef>
          <TimingStatus>otherPoint</TimingStatus>
        </From>
        <To SequenceNumber="32">
          <Activity>setDown</Activity>
          <StopPointRef>1590060107</StopPointRef>
          <TimingStatus>principalTimingPoint</TimingStatus>
        </To>
        <RouteLinkRef>rl_0001_21</RouteLinkRef>
        <RunTime>PT4M</RunTime>
      </JourneyPatternTimingLink>
    </JourneyPatternSection>
    <JourneyPatternSection id="js_3">
      <JourneyPatternTimingLink id="jptl_43">
        <From SequenceNumber="1">
          <Activity>pickUp</Activity>
          <StopPointRef>1590000401</StopPointRef>
          <TimingStatus>principalTimingPoint</TimingStatus>
        </From>
        <To SequenceNumber="2">
          <StopPointRef>1590000201</StopPointRef>
          <TimingStatus>otherPoint</TimingStatus>
        </To>
        <RouteLinkRef>rl_0002_1</RouteLinkRef>
        <RunTime>PT2M</RunTime>
      </JourneyPatternTimingLink>
      <JourneyPatternTimingLink id="jptl_44">
        <From SequenceNumber="2">
          <StopPointRef>1590000201</StopPointRef>
          <TimingStatus>otherPoint</TimingStatus>
        </From>
        <To SequenceNumber="3">
          <StopPointRef>15907075102</StopPointRef>
          <TimingStatus>principalTimingPoint</TimingStatus>
        </To>
        <RouteLinkRef>rl_0002_2</RouteLinkRef>
        <RunTime>PT1M</RunTime>
      </JourneyPatternTimingLink>
      <JourneyPatternTimingLink id="jptl_45">
        <From SequenceNumber="3">
          <StopPointRef>15907075102</StopPointRef>
          <TimingStatus>principalTimingPoint</TimingStatus>
        </From>
        <To SequenceNumber="4">
          <StopPointRef>1590002201</StopPointRef>
          <TimingStatus>otherPoint</TimingStatus>
        </To>
        <RouteLinkRef>rl_0002_3</RouteLinkRef>
        <RunTime>PT0S</RunTime>
      </JourneyPatternTimingLink>
      <JourneyPatternTimingLink id="jptl_46">
        <From SequenceNumber="4">
          <StopPointRef>1590002201</StopPointRef>
          <TimingStatus>otherPoint</TimingStatus>
        </From>
        <To SequenceNumber="5">
          <StopPointRef>1590002401</StopPointRef>
          <TimingStatus>principalTimingPoint</TimingStatus>
        </To>
        <RouteLinkRef>rl_0002_4</RouteLinkRef>
        <RunTime>PT4M</RunTime>
      </JourneyPatternTimingLink>
      <JourneyPatternTimingLink id="jptl_47">
        <From SequenceNumber="5">
          <StopPointRef>1590002401</StopPointRef>
          <TimingStatus>principalTimingPoint</TimingStatus>
        </From>
        <To SequenceNumber="6">
          <StopPointRef>1590004301</StopPointRef>
          <TimingStatus>otherPoint</TimingStatus>
        </To>
        <RouteLinkRef>rl_0002_5</RouteLinkRef>
        <RunTime>PT2M</RunTime>
      </JourneyPatternTimingLink>
      <JourneyPatternTimingLink id="jptl_48">
        <From SequenceNumber="6">
          <StopPointRef>1590004301</StopPointRef>
          <TimingStatus>otherPoint</TimingStatus>
        </From>
        <To SequenceNumber="7">
          <StopPointRef>1590004501</StopPointRef>
          <TimingStatus>otherPoint</TimingStatus>
        </To>
        <RouteLinkRef>rl_0002_6</RouteLinkRef>
        <RunTime>PT1M</RunTime>
      </JourneyPatternTimingLink>
      <JourneyPatternTimingLink id="jptl_49">
        <From SequenceNumber="7">
          <StopPointRef>1590004501</StopPointRef>
          <TimingStatus>otherPoint</TimingStatus>
        </From>
        <To SequenceNumber="8">
          <StopPointRef>1590004701</StopPointRef>
          <TimingStatus>otherPoint</TimingStatus>
        </To>
        <RouteLinkRef>rl_0002_7</RouteLinkRef>
        <RunTime>PT1M</RunTime>
      </JourneyPatternTimingLink>
      <JourneyPatternTimingLink id="jptl_50">
        <From SequenceNumber="8">
          <StopPointRef>1590004701</StopPointRef>
          <TimingStatus>otherPoint</TimingStatus>
        </From>
        <To SequenceNumber="9">
          <StopPointRef>1590005001</StopPointRef>
          <TimingStatus>otherPoint</TimingStatus>
        </To>
        <RouteLinkRef>rl_0002_8</RouteLinkRef>
        <RunTime>PT1M</RunTime>
      </JourneyPatternTimingLink>
      <JourneyPatternTimingLink id="jptl_51">
        <From SequenceNumber="9">
          <StopPointRef>1590005001</StopPointRef>
          <TimingStatus>otherPoint</TimingStatus>
        </From>
        <To SequenceNumber="10">
          <StopPointRef>1590005101</StopPointRef>
          <TimingStatus>otherPoint</TimingStatus>
        </To>
        <RouteLinkRef>rl_0002_9</RouteLinkRef>
        <RunTime>PT1M</RunTime>
      </JourneyPatternTimingLink>
      <JourneyPatternTimingLink id="jptl_52">
        <From SequenceNumber="10">
          <StopPointRef>1590005101</StopPointRef>
          <TimingStatus>otherPoint</TimingStatus>
        </From>
        <To SequenceNumber="11">
          <StopPointRef>1590047101</StopPointRef>
          <TimingStatus>principalTimingPoint</TimingStatus>
        </To>
        <RouteLinkRef>rl_0002_10</RouteLinkRef>
        <RunTime>PT1M</RunTime>
      </JourneyPatternTimingLink>
      <JourneyPatternTimingLink id="jptl_53">
        <From SequenceNumber="11">
          <StopPointRef>1590047101</StopPointRef>
          <TimingStatus>principalTimingPoint</TimingStatus>
        </From>
        <To SequenceNumber="12">
          <StopPointRef>1590004901</StopPointRef>
          <TimingStatus>otherPoint</TimingStatus>
        </To>
        <RouteLinkRef>rl_0002_11</RouteLinkRef>
        <RunTime>PT1M</RunTime>
      </JourneyPatternTimingLink>
      <JourneyPatternTimingLink id="jptl_54">
        <From SequenceNumber="12">
          <StopPointRef>1590004901</StopPointRef>
          <TimingStatus>otherPoint</TimingStatus>
        </From>
        <To SequenceNumber="13">
          <StopPointRef>1590004801</StopPointRef>
          <TimingStatus>otherPoint</TimingStatus>
        </To>
        <RouteLinkRef>rl_0002_12</RouteLinkRef>
        <RunTime>PT1M</RunTime>
      </JourneyPatternTimingLink>
      <JourneyPatternTimingLink id="jptl_55">
        <From SequenceNumber="13">
          <StopPointRef>1590004801</StopPointRef>
          <TimingStatus>otherPoint</TimingStatus>
        </From>
        <To SequenceNumber="14">
          <StopPointRef>1590004601</StopPointRef>
          <TimingStatus>otherPoint</TimingStatus>
        </To>
        <RouteLinkRef>rl_0002_13</RouteLinkRef>
        <RunTime>PT1M</RunTime>
      </JourneyPatternTimingLink>
      <JourneyPatternTimingLink id="jptl_56">
        <From SequenceNumber="14">
          <StopPointRef>1590004601</StopPointRef>
          <TimingStatus>otherPoint</TimingStatus>
        </From>
        <To SequenceNumber="15">
          <StopPointRef>1590004101</StopPointRef>
          <TimingStatus>principalTimingPoint</TimingStatus>
        </To>
        <RouteLinkRef>rl_0002_14</RouteLinkRef>
        <RunTime>PT1M</RunTime>
      </JourneyPatternTimingLink>
      <JourneyPatternTimingLink id="jptl_57">
        <From SequenceNumber="15">
          <StopPointRef>1590004101</StopPointRef>
          <TimingStatus>principalTimingPoint</TimingStatus>
        </From>
        <To SequenceNumber="16">
          <StopPointRef>15907075122</StopPointRef>
          <TimingStatus>otherPoint</TimingStatus>
        </To>
        <RouteLinkRef>rl_0002_15</RouteLinkRef>
        <RunTime>PT1M</RunTime>
      </JourneyPatternTimingLink>
      <JourneyPatternTimingLink id="jptl_58">
        <From SequenceNumber="16">
          <StopPointRef>15907075122</StopPointRef>
          <TimingStatus>otherPoint</TimingStatus>
        </From>
        <To SequenceNumber="17">
          <StopPointRef>1590003901</StopPointRef>
          <TimingStatus>otherPoint</TimingStatus>
        </To>
        <RouteLinkRef>rl_0002_16</RouteLinkRef>
        <RunTime>PT0S</RunTime>
      </JourneyPatternTimingLink>
      <JourneyPatternTimingLink id="jptl_59">
        <From SequenceNumber="17">
          <StopPointRef>1590003901</StopPointRef>
          <TimingStatus>otherPoint</TimingStatus>
        </From>
        <To SequenceNumber="18">
          <StopPointRef>1590005301</StopPointRef>
          <TimingStatus>otherPoint</TimingStatus>
        </To>
        <RouteLinkRef>rl_0002_17</RouteLinkRef>
        <RunTime>PT3M</RunTime>
      </JourneyPatternTimingLink>
      <JourneyPatternTimingLink id="jptl_60">
        <From SequenceNumber="18">
          <StopPointRef>1590005301</StopPointRef>
          <TimingStatus>otherPoint</TimingStatus>
        </From>
        <To SequenceNumber="19">
          <StopPointRef>1590005501</StopPointRef>
          <TimingStatus>otherPoint</TimingStatus>
        </To>
        <RouteLinkRef>rl_0002_18</RouteLinkRef>
        <RunTime>PT0S</RunTime>
      </JourneyPatternTimingLink>
      <JourneyPatternTimingLink id="jptl_61">
        <From SequenceNumber="19">
          <StopPointRef>1590005501</StopPointRef>
          <TimingStatus>otherPoint</TimingStatus>
        </From>
        <To SequenceNumber="20">
          <StopPointRef>1590005701</StopPointRef>
          <TimingStatus>principalTimingPoint</TimingStatus>
        </To>
        <RouteLinkRef>rl_0002_19</RouteLinkRef>
        <RunTime>PT1M</RunTime>
      </JourneyPatternTimingLink>
      <JourneyPatternTimingLink id="jptl_62">
        <From SequenceNumber="20">
          <StopPointRef>1590005701</StopPointRef>
          <TimingStatus>principalTimingPoint</TimingStatus>
        </From>
        <To SequenceNumber="21">
          <StopPointRef>1590005901</StopPointRef>
          <TimingStatus>otherPoint</TimingStatus>
        </To>
        <RouteLinkRef>rl_0002_20</RouteLinkRef>
        <RunTime>PT2M</RunTime>
      </JourneyPatternTimingLink>
      <JourneyPatternTimingLink id="jptl_63">
        <From SequenceNumber="21">
          <StopPointRef>1590005901</StopPointRef>
          <TimingStatus>otherPoint</TimingStatus>
        </From>
        <To SequenceNumber="22">
          <StopPointRef>1590006101</StopPointRef>
          <TimingStatus>otherPoint</TimingStatus>
        </To>
        <RouteLinkRef>rl_0002_21</RouteLinkRef>
        <RunTime>PT1M</RunTime>
      </JourneyPatternTimingLink>
      <JourneyPatternTimingLink id="jptl_64">
        <From SequenceNumber="22">
          <StopPointRef>1590006101</StopPointRef>
          <TimingStatus>otherPoint</TimingStatus>
        </From>
        <To SequenceNumber="23">
          <StopPointRef>1590007301</StopPointRef>
          <TimingStatus>otherPoint</TimingStatus>
        </To>
        <RouteLinkRef>rl_0002_22</RouteLinkRef>
        <RunTime>PT1M</RunTime>
      </JourneyPatternTimingLink>
      <JourneyPatternTimingLink id="jptl_65">
        <From SequenceNumber="23">
          <StopPointRef>1590007301</StopPointRef>
          <TimingStatus>otherPoint</TimingStatus>
        </From>
        <To SequenceNumber="24">
          <StopPointRef>1590007001</StopPointRef>
          <TimingStatus>principalTimingPoint</TimingStatus>
        </To>
        <RouteLinkRef>rl_0002_23</RouteLinkRef>
        <RunTime>PT2M</RunTime>
      </JourneyPatternTimingLink>
      <JourneyPatternTimingLink id="jptl_66">
        <From SequenceNumber="24">
          <StopPointRef>1590007001</StopPointRef>
          <TimingStatus>principalTimingPoint</TimingStatus>
        </From>
        <To SequenceNumber="25">
          <StopPointRef>1590006801</StopPointRef>
          <TimingStatus>otherPoint</TimingStatus>
        </To>
        <RouteLinkRef>rl_0002_24</RouteLinkRef>
        <RunTime>PT0S</RunTime>
      </JourneyPatternTimingLink>
      <JourneyPatternTimingLink id="jptl_67">
        <From SequenceNumber="25">
          <StopPointRef>1590006801</StopPointRef>
          <TimingStatus>otherPoint</TimingStatus>
        </From>
        <To SequenceNumber="26">
          <StopPointRef>1590006601</StopPointRef>
          <TimingStatus>otherPoint</TimingStatus>
        </To>
        <RouteLinkRef>rl_0002_25</RouteLinkRef>
        <RunTime>PT2M</RunTime>
      </JourneyPatternTimingLink>
      <JourneyPatternTimingLink id="jptl_68">
        <From SequenceNumber="26">
          <StopPointRef>1590006601</StopPointRef>
          <TimingStatus>otherPoint</TimingStatus>
        </From>
        <To SequenceNumber="27">
          <StopPointRef>1590008301</StopPointRef>
          <TimingStatus>principalTimingPoint</TimingStatus>
        </To>
        <RouteLinkRef>rl_0002_26</RouteLinkRef>
        <RunTime>PT1M</RunTime>
      </JourneyPatternTimingLink>
      <JourneyPatternTimingLink id="jptl_69">
        <From SequenceNumber="27">
          <StopPointRef>1590008301</StopPointRef>
          <TimingStatus>principalTimingPoint</TimingStatus>
        </From>
        <To SequenceNumber="28">
          <StopPointRef>1590008601</StopPointRef>
          <TimingStatus>otherPoint</TimingStatus>
        </To>
        <RouteLinkRef>rl_0002_27</RouteLinkRef>
        <RunTime>PT1M</RunTime>
      </JourneyPatternTimingLink>
      <JourneyPatternTimingLink id="jptl_70">
        <From SequenceNumber="28">
          <StopPointRef>1590008601</StopPointRef>
          <TimingStatus>otherPoint</TimingStatus>
        </From>
        <To SequenceNumber="29">
          <StopPointRef>1590045901</StopPointRef>
          <TimingStatus>otherPoint</TimingStatus>
        </To>
        <RouteLinkRef>rl_0002_28</RouteLinkRef>
        <RunTime>PT2M</RunTime>
      </JourneyPatternTimingLink>
      <JourneyPatternTimingLink id="jptl_71">
        <From SequenceNumber="29">
          <StopPointRef>1590045901</StopPointRef>
          <TimingStatus>otherPoint</TimingStatus>
        </From>
        <To SequenceNumber="30">
          <StopPointRef>15907075117</StopPointRef>
          <TimingStatus>otherPoint</TimingStatus>
        </To>
        <RouteLinkRef>rl_0002_29</RouteLinkRef>
        <RunTime>PT1M</RunTime>
      </JourneyPatternTimingLink>
      <JourneyPatternTimingLink id="jptl_72">
        <From SequenceNumber="30">
          <StopPointRef>15907075117</StopPointRef>
          <TimingStatus>otherPoint</TimingStatus>
        </From>
        <To SequenceNumber="31">
          <StopPointRef>1590701301</StopPointRef>
          <TimingStatus>otherPoint</TimingStatus>
        </To>
        <RouteLinkRef>rl_0002_30</RouteLinkRef>
        <RunTime>PT1M</RunTime>
      </JourneyPatternTimingLink>
      <JourneyPatternTimingLink id="jptl_73">
        <From SequenceNumber="31">
          <StopPointRef>1590701301</StopPointRef>
          <TimingStatus>otherPoint</TimingStatus>
        </From>
        <To SequenceNumber="32">
          <Activity>setDown</Activity>
          <StopPointRef>1590060107</StopPointRef>
          <TimingStatus>principalTimingPoint</TimingStatus>
        </To>
        <RouteLinkRef>rl_0002_31</RouteLinkRef>
        <RunTime>PT4M</RunTime>
      </JourneyPatternTimingLink>
    </JourneyPatternSection>
  </JourneyPatternSections>
  <Operators>
    <Operator id="tkt_oid">
      <NationalOperatorCode>ENSB</NationalOperatorCode>
      <OperatorCode>ENS</OperatorCode>
      <OperatorShortName>Ensignbus</OperatorShortName>
      <LicenceNumber>PF0001961</LicenceNumber>
    </Operator>
  </Operators>
  <Services>
    <Service>
      <ServiceCode>PF0001961:37</ServiceCode>
      <Lines>
        <Line id="ENSB:PF0001961:37:22">
          <LineName>22</LineName>
          <OutboundDescription>
            <Description>Purfleet-on-Thames Stn/ Aveley, Usk Road to Grays</Description>
          </OutboundDescription>
          <InboundDescription>
            <Description>Grays to Purfleet-on-Thames Stn/ Aveley, Usk Road</Description>
          </InboundDescription>
        </Line>
      </Lines>
      <OperatingPeriod>
        <StartDate>2026-02-23</StartDate>
        <EndDate>2026-03-25</EndDate>
      </OperatingPeriod>
      <OperatingProfile>
        <RegularDayType>
          <DaysOfWeek>
            <Monday />
            <Tuesday />
            <Wednesday />
          </DaysOfWeek>
        </RegularDayType>
        <BankHolidayOperation>
          <DaysOfNonOperation>
            <ChristmasDay />
            <BoxingDay />
            <GoodFriday />
            <NewYearsDay />
            <LateSummerBankHolidayNotScotland />
            <MayDay />
            <EasterMonday />
            <SpringBank />
            <ChristmasDayHoliday />
            <BoxingDayHoliday />
            <NewYearsDayHoliday />
            <ChristmasEve />
            <NewYearsEve />
          </DaysOfNonOperation>
        </BankHolidayOperation>
      </OperatingProfile>
      <RegisteredOperatorRef>tkt_oid</RegisteredOperatorRef>
      <PublicUse>true</PublicUse>
      <StandardService>
        <Origin>Purfleet-on-Thames Stn/ Aveley, Usk Road</Origin>
        <Destination>Grays</Destination>
        <JourneyPattern id="jp_1">
          <DestinationDisplay>Lakeside Bus Station, G</DestinationDisplay>
          <OperatorRef>tkt_oid</OperatorRef>
          <Direction>outbound</Direction>
          <RouteRef>rt_0000</RouteRef>
          <JourneyPatternSectionRefs>js_1</JourneyPatternSectionRefs>
        </JourneyPattern>
        <JourneyPattern id="jp_2">
          <DestinationDisplay>Lakeside Bus Station, G</DestinationDisplay>
          <OperatorRef>tkt_oid</OperatorRef>
          <Direction>outbound</Direction>
          <RouteRef>rt_0001</RouteRef>
          <JourneyPatternSectionRefs>js_2</JourneyPatternSectionRefs>
        </JourneyPattern>
        <JourneyPattern id="jp_3">
          <DestinationDisplay>Lakeside Bus Station, G</DestinationDisplay>
          <OperatorRef>tkt_oid</OperatorRef>
          <Direction>outbound</Direction>
          <RouteRef>rt_0002</RouteRef>
          <JourneyPatternSectionRefs>js_3</JourneyPatternSectionRefs>
        </JourneyPattern>
      </StandardService>
    </Service>
  </Services>
  <VehicleJourneys>
    <VehicleJourney>
      <OperatorRef>tkt_oid</OperatorRef>
      <Operational>
        <TicketMachine>
          <JourneyCode>7</JourneyCode>
        </TicketMachine>
      </Operational>
      <VehicleJourneyCode>vj_1</VehicleJourneyCode>
      <ServiceRef>PF0001961:37</ServiceRef>
      <LineRef>ENSB:PF0001961:37:22</LineRef>
      <JourneyPatternRef>jp_1</JourneyPatternRef>
      <DepartureTime>05:57:00</DepartureTime>
    </VehicleJourney>
    <VehicleJourney>
      <OperatorRef>tkt_oid</OperatorRef>
      <Operational>
        <TicketMachine>
          <JourneyCode>9</JourneyCode>
        </TicketMachine>
      </Operational>
      <VehicleJourneyCode>vj_2</VehicleJourneyCode>
      <ServiceRef>PF0001961:37</ServiceRef>
      <LineRef>ENSB:PF0001961:37:22</LineRef>
      <JourneyPatternRef>jp_1</JourneyPatternRef>
      <DepartureTime>06:27:00</DepartureTime>
    </VehicleJourney>
    <VehicleJourney>
      <OperatorRef>tkt_oid</OperatorRef>
      <Operational>
        <TicketMachine>
          <JourneyCode>87</JourneyCode>
        </TicketMachine>
      </Operational>
      <VehicleJourneyCode>vj_3</VehicleJourneyCode>
      <ServiceRef>PF0001961:37</ServiceRef>
      <LineRef>ENSB:PF0001961:37:22</LineRef>
      <JourneyPatternRef>jp_2</JourneyPatternRef>
      <DepartureTime>16:22:00</DepartureTime>
    </VehicleJourney>
    <VehicleJourney>
      <OperatorRef>tkt_oid</OperatorRef>
      <Operational>
        <TicketMachine>
          <JourneyCode>91</JourneyCode>
        </TicketMachine>
      </Operational>
      <VehicleJourneyCode>vj_4</VehicleJourneyCode>
      <ServiceRef>PF0001961:37</ServiceRef>
      <LineRef>ENSB:PF0001961:37:22</LineRef>
      <JourneyPatternRef>jp_3</JourneyPatternRef>
      <DepartureTime>16:48:00</DepartureTime>
    </VehicleJourney>
  </VehicleJourneys>
</TransXChange>