﻿<?xml version="1.0" encoding="utf-8"?>
<TransXChange xmlns:xsi="http://www.w3.org/2001/XMLSchema-instance" SchemaVersion="2.4" CreationDateTime="2011-03-18T16:05:41" ModificationDateTime="2026-02-04T08:37:27" Modification="revise" RevisionNumber="96" FileName="ENSB_44_ENSBPF00019613144_20260226_20260326_2295954.xml" xmlns="http://www.transxchange.org.uk/">
  <ServicedOrganisations>
    <ServicedOrganisation>
      <OrganisationCode>HRSD:2</OrganisationCode>
      <Name>Harris Riverside Purfleet School Working Days </Name>
      <WorkingDays>
        <DateRange>
          <StartDate>2025-09-03</StartDate>
          <EndDate>2025-10-17</EndDate>
        </DateRange>
        <DateRange>
          <StartDate>2025-11-03</StartDate>
          <EndDate>2025-12-19</EndDate>
        </DateRange>
        <DateRange>
          <StartDate>2026-01-05</StartDate>
          <EndDate>2026-02-13</EndDate>
        </DateRange>
        <DateRange>
          <StartDate>2026-02-23</StartDate>
          <EndDate>2026-03-27</EndDate>
        </DateRange>
        <DateRange>
          <StartDate>2026-04-13</StartDate>
          <EndDate>2026-05-01</EndDate>
        </DateRange>
        <DateRange>
          <StartDate>2026-05-05</StartDate>
          <EndDate>2026-05-22</EndDate>
        </DateRange>
        <DateRange>
          <StartDate>2026-06-01</StartDate>
          <EndDate>2026-07-17</EndDate>
        </DateRange>
      </WorkingDays>
    </ServicedOrganisation>
    <ServicedOrganisation>
      <OrganisationCode>HCHSD:2</OrganisationCode>
      <Name>Harris Chafford Hundred School Working Days </Name>
      <WorkingDays>
        <DateRange>
          <StartDate>2025-09-03</StartDate>
          <EndDate>2025-10-09</EndDate>
        </DateRange>
        <DateRange>
          <StartDate>2025-10-13</StartDate>
          <EndDate>2025-10-17</EndDate>
        </DateRange>
        <DateRange>
          <StartDate>2025-11-03</StartDate>
          <EndDate>2025-12-19</EndDate>
        </DateRange>
        <DateRange>
          <StartDate>2026-01-05</StartDate>
          <EndDate>2026-02-12</EndDate>
        </DateRange>
        <DateRange>
          <StartDate>2026-02-23</StartDate>
          <EndDate>2026-03-27</EndDate>
        </DateRange>
        <DateRange>
          <StartDate>2026-04-13</StartDate>
          <EndDate>2026-05-01</EndDate>
        </DateRange>
        <DateRange>
          <StartDate>2026-05-05</StartDate>
          <EndDate>2026-05-22</EndDate>
        </DateRange>
        <DateRange>
          <StartDate>2026-06-01</StartDate>
          <EndDate>2026-07-17</EndDate>
        </DateRange>
      </WorkingDays>
    </ServicedOrganisation>
    <ServicedOrganisation>
      <OrganisationCode>OPASD:2</OrganisationCode>
      <Name>Ormiston Park Academy </Name>
      <WorkingDays>
        <DateRange>
          <StartDate>2025-09-01</StartDate>
          <EndDate>2025-10-17</EndDate>
        </DateRange>
        <DateRange>
          <StartDate>2025-11-03</StartDate>
          <EndDate>2025-12-19</EndDate>
        </DateRange>
        <DateRange>
          <StartDate>2026-01-05</StartDate>
          <EndDate>2026-02-13</EndDate>
        </DateRange>
        <DateRange>
          <StartDate>2026-02-23</StartDate>
          <EndDate>2026-03-27</EndDate>
        </DateRange>
        <DateRange>
          <StartDate>2026-04-13</StartDate>
          <EndDate>2026-05-01</EndDate>
        </DateRange>
        <DateRange>
          <StartDate>2026-05-05</StartDate>
          <EndDate>2026-05-22</EndDate>
        </DateRange>
        <DateRange>
          <StartDate>2026-06-01</StartDate>
          <EndDate>2026-07-20</EndDate>
        </DateRange>
      </WorkingDays>
    </ServicedOrganisation>
    <ServicedOrganisation>
      <OrganisationCode>WESSD:2</OrganisationCode>
      <Name>William Edwards School Working Days </Name>
      <WorkingDays>
        <DateRange>
          <StartDate>2025-09-03</StartDate>
          <EndDate>2025-10-17</EndDate>
        </DateRange>
        <DateRange>
          <StartDate>2025-11-03</StartDate>
          <EndDate>2025-12-18</EndDate>
        </DateRange>
        <DateRange>
          <StartDate>2026-01-06</StartDate>
          <EndDate>2026-02-13</EndDate>
        </DateRange>
        <DateRange>
          <StartDate>2026-02-23</StartDate>
          <EndDate>2026-03-27</EndDate>
        </DateRange>
        <DateRange>
          <StartDate>2026-04-13</StartDate>
          <EndDate>2026-05-01</EndDate>
        </DateRange>
        <DateRange>
          <StartDate>2026-05-05</StartDate>
          <EndDate>2026-05-22</EndDate>
        </DateRange>
        <DateRange>
          <StartDate>2026-06-01</StartDate>
          <EndDate>2026-07-17</EndDate>
        </DateRange>
      </WorkingDays>
    </ServicedOrganisation>
    <ServicedOrganisation>
      <OrganisationCode>PCD:2</OrganisationCode>
      <Name>USP Palmers College Working Days </Name>
      <WorkingDays>
        <DateRange>
          <StartDate>2025-09-08</StartDate>
          <EndDate>2025-10-24</EndDate>
        </DateRange>
        <DateRange>
          <StartDate>2025-11-03</StartDate>
          <EndDate>2025-12-19</EndDate>
        </DateRange>
        <DateRange>
          <StartDate>2026-01-05</StartDate>
          <EndDate>2026-02-13</EndDate>
        </DateRange>
        <DateRange>
          <StartDate>2026-02-23</StartDate>
          <EndDate>2026-03-27</EndDate>
        </DateRange>
        <DateRange>
          <StartDate>2026-04-13</StartDate>
          <EndDate>2026-05-01</EndDate>
        </DateRange>
        <DateRange>
          <StartDate>2026-05-05</StartDate>
          <EndDate>2026-05-22</EndDate>
        </DateRange>
        <DateRange>
          <StartDate>2026-06-01</StartDate>
          <EndDate>2026-07-10</EndDate>
        </DateRange>
      </WorkingDays>
    </ServicedOrganisation>
    <ServicedOrganisation>
      <OrganisationCode>DGSWD:2</OrganisationCode>
      <Name>Dartford Grammar School Working Days</Name>
      <WorkingDays>
        <DateRange>
          <StartDate>2025-09-02</StartDate>
          <EndDate>2025-09-25</EndDate>
        </DateRange>
        <DateRange>
          <StartDate>2025-09-29</StartDate>
          <EndDate>2025-10-15</EndDate>
        </DateRange>
        <DateRange>
          <StartDate>2025-10-27</StartDate>
          <EndDate>2025-11-26</EndDate>
        </DateRange>
        <DateRange>
          <StartDate>2025-12-01</StartDate>
          <EndDate>2025-12-19</EndDate>
        </DateRange>
        <DateRange>
          <StartDate>2026-01-05</StartDate>
          <EndDate>2026-02-13</EndDate>
        </DateRange>
        <DateRange>
          <StartDate>2026-02-23</StartDate>
          <EndDate>2026-03-03</EndDate>
        </DateRange>
        <DateRange>
          <StartDate>2026-03-05</StartDate>
          <EndDate>2026-04-02</EndDate>
        </DateRange>
        <DateRange>
          <StartDate>2026-04-20</StartDate>
          <EndDate>2026-05-01</EndDate>
        </DateRange>
        <DateRange>
          <StartDate>2026-05-05</StartDate>
          <EndDate>2026-05-22</EndDate>
        </DateRange>
        <DateRange>
          <StartDate>2026-06-01</StartDate>
          <EndDate>2026-07-17</EndDate>
        </DateRange>
      </WorkingDays>
    </ServicedOrganisation>
    <ServicedOrganisation>
      <OrganisationCode>GGSWD:2</OrganisationCode>
      <Name>Gravesend Grammar School Working Days </Name>
      <WorkingDays>
        <DateRange>
          <StartDate>2025-09-02</StartDate>
          <EndDate>2025-10-17</EndDate>
        </DateRange>
        <DateRange>
          <StartDate>2025-11-03</StartDate>
          <EndDate>2025-12-19</EndDate>
        </DateRange>
        <DateRange>
          <StartDate>2026-01-05</StartDate>
          <EndDate>2026-02-13</EndDate>
        </DateRange>
        <DateRange>
          <StartDate>2026-02-23</StartDate>
          <EndDate>2026-04-02</EndDate>
        </DateRange>
        <DateRange>
          <StartDate>2026-04-20</StartDate>
          <EndDate>2026-05-01</EndDate>
        </DateRange>
        <DateRange>
          <StartDate>2026-05-05</StartDate>
          <EndDate>2026-05-22</EndDate>
        </DateRange>
        <DateRange>
          <StartDate>2026-06-01</StartDate>
          <EndDate>2026-07-22</EndDate>
        </DateRange>
      </WorkingDays>
    </ServicedOrganisation>
  </ServicedOrganisations>
  <StopPoints>
    <AnnotatedStopPointRef>
      <StopPointRef>1590060101</StopPointRef>
      <CommonName>Lakeside Bus Station, A</CommonName>
      <Location>
        <Longitude>0.283548</Longitude>
        <Latitude>51.490249</Latitude>
      </Location>
    </AnnotatedStopPointRef>
    <AnnotatedStopPointRef>
      <StopPointRef>1590012401</StopPointRef>
      <CommonName>Tesco</CommonName>
      <Location>
        <Longitude>0.273749</Longitude>
        <Latitude>51.487820</Latitude>
      </Location>
    </AnnotatedStopPointRef>
    <AnnotatedStopPointRef>
      <StopPointRef>1590705225</StopPointRef>
      <CommonName>Lakeside Tesco</CommonName>
      <Location>
        <Longitude>0.273766</Longitude>
        <Latitude>51.487945</Latitude>
      </Location>
    </AnnotatedStopPointRef>
    <AnnotatedStopPointRef>
      <StopPointRef>1590703701</StopPointRef>
      <CommonName>Armor Road</CommonName>
      <Location>
        <Longitude>0.259345</Longitude>
        <Latitude>51.486438</Latitude>
      </Location>
    </AnnotatedStopPointRef>
    <AnnotatedStopPointRef>
      <StopPointRef>1590703601</StopPointRef>
      <CommonName>Armor Road</CommonName>
      <Location>
        <Longitude>0.256696</Longitude>
        <Latitude>51.486174</Latitude>
      </Location>
    </AnnotatedStopPointRef>
    <AnnotatedStopPointRef>
      <StopPointRef>1590048301</StopPointRef>
      <CommonName>Watts Crescent</CommonName>
      <Location>
        <Longitude>0.249924</Longitude>
        <Latitude>51.485845</Latitude>
      </Location>
    </AnnotatedStopPointRef>
    <AnnotatedStopPointRef>
      <StopPointRef>1590002201</StopPointRef>
      <CommonName>Marlow Avenue</CommonName>
      <Location>
        <Longitude>0.233437</Longitude>
        <Latitude>51.487150</Latitude>
      </Location>
    </AnnotatedStopPointRef>
    <AnnotatedStopPointRef>
      <StopPointRef>1590002001</StopPointRef>
      <CommonName>Marlow Avenue</CommonName>
      <Location>
        <Longitude>0.233611</Longitude>
        <Latitude>51.487470</Latitude>
      </Location>
    </AnnotatedStopPointRef>
    <AnnotatedStopPointRef>
      <StopPointRef>1590002101</StopPointRef>
      <CommonName>Garrison Estate</CommonName>
      <Location>
        <Longitude>0.231972</Longitude>
        <Latitude>51.486042</Latitude>
      </Location>
    </AnnotatedStopPointRef>
    <AnnotatedStopPointRef>
      <StopPointRef>15907075102</StopPointRef>
      <CommonName>Garrison Estate</CommonName>
      <Location>
        <Longitude>0.231520</Longitude>
        <Latitude>51.485000</Latitude>
      </Location>
    </AnnotatedStopPointRef>
    <AnnotatedStopPointRef>
      <StopPointRef>1590000201</StopPointRef>
      <CommonName>War Memorial</CommonName>
      <Location>
        <Longitude>0.231606</Longitude>
        <Latitude>51.482686</Latitude>
      </Location>
    </AnnotatedStopPointRef>
    <AnnotatedStopPointRef>
      <StopPointRef>1590000101</StopPointRef>
      <CommonName>War Memorial</CommonName>
      <Location>
        <Longitude>0.231631</Longitude>
        <Latitude>51.482901</Latitude>
      </Location>
    </AnnotatedStopPointRef>
    <AnnotatedStopPointRef>
      <StopPointRef>1590000301</StopPointRef>
      <CommonName>Purfleet-on-Thames Station</CommonName>
      <Location>
        <Longitude>0.238464</Longitude>
        <Latitude>51.480295</Latitude>
      </Location>
    </AnnotatedStopPointRef>
    <AnnotatedStopPointRef>
      <StopPointRef>1590000401</StopPointRef>
      <CommonName>Purfleet-on-Thames Station</CommonName>
      <Location>
        <Longitude>0.237791</Longitude>
        <Latitude>51.480463</Latitude>
      </Location>
    </AnnotatedStopPointRef>
    <AnnotatedStopPointRef>
      <StopPointRef>1590705232</StopPointRef>
      <CommonName>Harris Riverside Academy</CommonName>
      <Location>
        <Longitude>0.239316</Longitude>
        <Latitude>51.479087</Latitude>
      </Location>
    </AnnotatedStopPointRef>
    <AnnotatedStopPointRef>
      <StopPointRef>1590000601</StopPointRef>
      <CommonName>Linnet Way</CommonName>
      <Location>
        <Longitude>0.244746</Longitude>
        <Latitude>51.479254</Latitude>
      </Location>
    </AnnotatedStopPointRef>
    <AnnotatedStopPointRef>
      <StopPointRef>1590000501</StopPointRef>
      <CommonName>Linnet Way</CommonName>
      <Location>
        <Longitude>0.242799</Longitude>
        <Latitude>51.479507</Latitude>
      </Location>
    </AnnotatedStopPointRef>
    <AnnotatedStopPointRef>
      <StopPointRef>1590000701</StopPointRef>
      <CommonName>London Road Lindon Close</CommonName>
      <Location>
        <Longitude>0.247612</Longitude>
        <Latitude>51.478956</Latitude>
      </Location>
    </AnnotatedStopPointRef>
    <AnnotatedStopPointRef>
      <StopPointRef>1590000801</StopPointRef>
      <CommonName>London Road Lindon Close</CommonName>
      <Location>
        <Longitude>0.250716</Longitude>
        <Latitude>51.478537</Latitude>
      </Location>
    </AnnotatedStopPointRef>
    <AnnotatedStopPointRef>
      <StopPointRef>1590000901</StopPointRef>
      <CommonName>Lockyer Road</CommonName>
      <Location>
        <Longitude>0.252925</Longitude>
        <Latitude>51.478944</Latitude>
      </Location>
    </AnnotatedStopPointRef>
    <AnnotatedStopPointRef>
      <StopPointRef>1590001101</StopPointRef>
      <CommonName>Hutson Terrace</CommonName>
      <Location>
        <Longitude>0.257909</Longitude>
        <Latitude>51.478371</Latitude>
      </Location>
    </AnnotatedStopPointRef>
    <AnnotatedStopPointRef>
      <StopPointRef>1590001301</StopPointRef>
      <CommonName>Stonehouse Corner</CommonName>
      <Location>
        <Longitude>0.261227</Longitude>
        <Latitude>51.478196</Latitude>
      </Location>
    </AnnotatedStopPointRef>
    <AnnotatedStopPointRef>
      <StopPointRef>1590001001</StopPointRef>
      <CommonName>Hutson Terrace</CommonName>
      <Location>
        <Longitude>0.257587</Longitude>
        <Latitude>51.478261</Latitude>
      </Location>
    </AnnotatedStopPointRef>
    <AnnotatedStopPointRef>
      <StopPointRef>1590001201</StopPointRef>
      <CommonName>Stonehouse Corner</CommonName>
      <Location>
        <Longitude>0.261220</Longitude>
        <Latitude>51.478038</Latitude>
      </Location>
    </AnnotatedStopPointRef>
    <AnnotatedStopPointRef>
      <StopPointRef>1590011301</StopPointRef>
      <CommonName>Weston Avenue</CommonName>
      <Location>
        <Longitude>0.268747</Longitude>
        <Latitude>51.476192</Latitude>
      </Location>
    </AnnotatedStopPointRef>
    <AnnotatedStopPointRef>
      <StopPointRef>1590011401</StopPointRef>
      <CommonName>Weston Avenue</CommonName>
      <Location>
        <Longitude>0.268999</Longitude>
        <Latitude>51.476340</Latitude>
      </Location>
    </AnnotatedStopPointRef>
    <AnnotatedStopPointRef>
      <StopPointRef>1590013701</StopPointRef>
      <CommonName>The Rookery</CommonName>
      <Location>
        <Longitude>0.280498</Longitude>
        <Latitude>51.475892</Latitude>
      </Location>
    </AnnotatedStopPointRef>
    <AnnotatedStopPointRef>
      <StopPointRef>159007075129</StopPointRef>
      <CommonName>First Avenue</CommonName>
      <Location>
        <Longitude>0.275377</Longitude>
        <Latitude>51.475731</Latitude>
      </Location>
    </AnnotatedStopPointRef>
    <AnnotatedStopPointRef>
      <StopPointRef>1590013801</StopPointRef>
      <CommonName>Elm Terrace</CommonName>
      <Location>
        <Longitude>0.283116</Longitude>
        <Latitude>51.476120</Latitude>
      </Location>
    </AnnotatedStopPointRef>
    <AnnotatedStopPointRef>
      <StopPointRef>1590013601</StopPointRef>
      <CommonName>The Rookery</CommonName>
      <Location>
        <Longitude>0.279298</Longitude>
        <Latitude>51.475808</Latitude>
      </Location>
    </AnnotatedStopPointRef>
    <AnnotatedStopPointRef>
      <StopPointRef>1590014501</StopPointRef>
      <CommonName>The Ship</CommonName>
      <Location>
        <Longitude>0.290445</Longitude>
        <Latitude>51.476391</Latitude>
      </Location>
    </AnnotatedStopPointRef>
    <AnnotatedStopPointRef>
      <StopPointRef>1590014601</StopPointRef>
      <CommonName>The Ship</CommonName>
      <Location>
        <Longitude>0.290697</Longitude>
        <Latitude>51.476530</Latitude>
      </Location>
    </AnnotatedStopPointRef>
    <AnnotatedStopPointRef>
      <StopPointRef>1590014701</StopPointRef>
      <CommonName>Magnet Road</CommonName>
      <Location>
        <Longitude>0.294546</Longitude>
        <Latitude>51.476886</Latitude>
      </Location>
    </AnnotatedStopPointRef>
    <AnnotatedStopPointRef>
      <StopPointRef>1590015001</StopPointRef>
      <CommonName>Mill Lane</CommonName>
      <Location>
        <Longitude>0.298829</Longitude>
        <Latitude>51.477567</Latitude>
      </Location>
    </AnnotatedStopPointRef>
    <AnnotatedStopPointRef>
      <StopPointRef>1590014801</StopPointRef>
      <CommonName>The Shant</CommonName>
      <Location>
        <Longitude>0.296688</Longitude>
        <Latitude>51.477087</Latitude>
      </Location>
    </AnnotatedStopPointRef>
    <AnnotatedStopPointRef>
      <StopPointRef>1590015101</StopPointRef>
      <CommonName>Moore Avenue</CommonName>
      <Location>
        <Longitude>0.301934</Longitude>
        <Latitude>51.477749</Latitude>
      </Location>
    </AnnotatedStopPointRef>
    <AnnotatedStopPointRef>
      <StopPointRef>1590015201</StopPointRef>
      <CommonName>Moore Avenue</CommonName>
      <Location>
        <Longitude>0.302473</Longitude>
        <Latitude>51.477855</Latitude>
      </Location>
    </AnnotatedStopPointRef>
    <AnnotatedStopPointRef>
      <StopPointRef>1590015401</StopPointRef>
      <CommonName>Rosebery Road</CommonName>
      <Location>
        <Longitude>0.310276</Longitude>
        <Latitude>51.476380</Latitude>
      </Location>
    </AnnotatedStopPointRef>
    <AnnotatedStopPointRef>
      <StopPointRef>1590015301</StopPointRef>
      <CommonName>Rosebery Road</CommonName>
      <Location>
        <Longitude>0.308536</Longitude>
        <Latitude>51.476423</Latitude>
      </Location>
    </AnnotatedStopPointRef>
    <AnnotatedStopPointRef>
      <StopPointRef>1590015501</StopPointRef>
      <CommonName>Meesons Lane</CommonName>
      <Location>
        <Longitude>0.311138</Longitude>
        <Latitude>51.476338</Latitude>
      </Location>
    </AnnotatedStopPointRef>
    <AnnotatedStopPointRef>
      <StopPointRef>1590015701</StopPointRef>
      <CommonName>Aldi</CommonName>
      <Location>
        <Longitude>0.315750</Longitude>
        <Latitude>51.476973</Latitude>
      </Location>
    </AnnotatedStopPointRef>
    <AnnotatedStopPointRef>
      <StopPointRef>1590705219</StopPointRef>
      <CommonName>Aldi</CommonName>
      <Location>
        <Longitude>0.315809</Longitude>
        <Latitude>51.477050</Latitude>
      </Location>
    </AnnotatedStopPointRef>
    <AnnotatedStopPointRef>
      <StopPointRef>1590060003</StopPointRef>
      <CommonName>Grays Bus Station, 3</CommonName>
      <Location>
        <Longitude>0.320544</Longitude>
        <Latitude>51.476644</Latitude>
      </Location>
    </AnnotatedStopPointRef>
    <AnnotatedStopPointRef>
      <StopPointRef>1590060005</StopPointRef>
      <CommonName>Grays Bus Station, 5</CommonName>
      <Location>
        <Longitude>0.320207</Longitude>
        <Latitude>51.476822</Latitude>
      </Location>
    </AnnotatedStopPointRef>
  </StopPoints>
  <RouteSections>
    <RouteSection id="rsf_0000">
      <RouteLink id="rl_0000_1">
        <From>
          <StopPointRef>1590060003</StopPointRef>
        </From>
        <To>
          <StopPointRef>1590015701</StopPointRef>
        </To>
      </RouteLink>
      <RouteLink id="rl_0000_2">
        <From>
          <StopPointRef>1590015701</StopPointRef>
        </From>
        <To>
          <StopPointRef>1590015501</StopPointRef>
        </To>
      </RouteLink>
      <RouteLink id="rl_0000_3">
        <From>
          <StopPointRef>1590015501</StopPointRef>
        </From>
        <To>
          <StopPointRef>1590015301</StopPointRef>
        </To>
      </RouteLink>
      <RouteLink id="rl_0000_4">
        <From>
          <StopPointRef>1590015301</StopPointRef>
        </From>
        <To>
          <StopPointRef>1590015101</StopPointRef>
        </To>
      </RouteLink>
      <RouteLink id="rl_0000_5">
        <From>
          <StopPointRef>1590015101</StopPointRef>
        </From>
        <To>
          <StopPointRef>1590014801</StopPointRef>
        </To>
      </RouteLink>
      <RouteLink id="rl_0000_6">
        <From>
          <StopPointRef>1590014801</StopPointRef>
        </From>
        <To>
          <StopPointRef>1590014501</StopPointRef>
        </To>
      </RouteLink>
      <RouteLink id="rl_0000_7">
        <From>
          <StopPointRef>1590014501</StopPointRef>
        </From>
        <To>
          <StopPointRef>1590013601</StopPointRef>
        </To>
      </RouteLink>
      <RouteLink id="rl_0000_8">
        <From>
          <StopPointRef>1590013601</StopPointRef>
        </From>
        <To>
          <StopPointRef>159007075129</StopPointRef>
        </To>
      </RouteLink>
      <RouteLink id="rl_0000_9">
        <From>
          <StopPointRef>159007075129</StopPointRef>
        </From>
        <To>
          <StopPointRef>1590011301</StopPointRef>
        </To>
      </RouteLink>
      <RouteLink id="rl_0000_10">
        <From>
          <StopPointRef>1590011301</StopPointRef>
        </From>
        <To>
          <StopPointRef>1590001201</StopPointRef>
        </To>
      </RouteLink>
      <RouteLink id="rl_0000_11">
        <From>
          <StopPointRef>1590001201</StopPointRef>
        </From>
        <To>
          <StopPointRef>1590001001</StopPointRef>
        </To>
      </RouteLink>
      <RouteLink id="rl_0000_12">
        <From>
          <StopPointRef>1590001001</StopPointRef>
        </From>
        <To>
          <StopPointRef>1590000801</StopPointRef>
        </To>
      </RouteLink>
      <RouteLink id="rl_0000_13">
        <From>
          <StopPointRef>1590000801</StopPointRef>
        </From>
        <To>
          <StopPointRef>1590000601</StopPointRef>
        </To>
      </RouteLink>
      <RouteLink id="rl_0000_14">
        <From>
          <StopPointRef>1590000601</StopPointRef>
        </From>
        <To>
          <StopPointRef>1590705232</StopPointRef>
        </To>
      </RouteLink>
      <RouteLink id="rl_0000_15">
        <From>
          <StopPointRef>1590705232</StopPointRef>
        </From>
        <To>
          <StopPointRef>1590000401</StopPointRef>
        </To>
      </RouteLink>
      <RouteLink id="rl_0000_16">
        <From>
          <StopPointRef>1590000401</StopPointRef>
        </From>
        <To>
          <StopPointRef>1590000201</StopPointRef>
        </To>
      </RouteLink>
      <RouteLink id="rl_0000_17">
        <From>
          <StopPointRef>1590000201</StopPointRef>
        </From>
        <To>
          <StopPointRef>15907075102</StopPointRef>
        </To>
      </RouteLink>
    </RouteSection>
  </RouteSections>
  <Routes>
    <Route id="rt_0000">
      <Description>No route description available</Description>
      <RouteSectionRef>rsf_0000</RouteSectionRef>
    </Route>
  </Routes>
  <JourneyPatternSections>
    <JourneyPatternSection id="js_1">
      <JourneyPatternTimingLink id="jptl_1">
        <From SequenceNumber="1">
          <Activity>pickUp</Activity>
          <StopPointRef>1590060003</StopPointRef>
          <TimingStatus>principalTimingPoint</TimingStatus>
        </From>
        <To SequenceNumber="2">
          <StopPointRef>1590015701</StopPointRef>
          <TimingStatus>otherPoint</TimingStatus>
        </To>
        <RouteLinkRef>rl_0000_1</RouteLinkRef>
        <RunTime>PT2M</RunTime>
      </JourneyPatternTimingLink>
      <JourneyPatternTimingLink id="jptl_2">
        <From SequenceNumber="2">
          <StopPointRef>1590015701</StopPointRef>
          <TimingStatus>otherPoint</TimingStatus>
        </From>
        <To SequenceNumber="3">
          <StopPointRef>1590015501</StopPointRef>
          <TimingStatus>otherPoint</TimingStatus>
        </To>
        <RouteLinkRef>rl_0000_2</RouteLinkRef>
        <RunTime>PT1M</RunTime>
      </JourneyPatternTimingLink>
      <JourneyPatternTimingLink id="jptl_3">
        <From SequenceNumber="3">
          <StopPointRef>1590015501</StopPointRef>
          <TimingStatus>otherPoint</TimingStatus>
        </From>
        <To SequenceNumber="4">
          <StopPointRef>1590015301</StopPointRef>
          <TimingStatus>otherPoint</TimingStatus>
        </To>
        <RouteLinkRef>rl_0000_3</RouteLinkRef>
        <RunTime>PT1M</RunTime>
      </JourneyPatternTimingLink>
      <JourneyPatternTimingLink id="jptl_4">
        <From SequenceNumber="4">
          <StopPointRef>1590015301</StopPointRef>
          <TimingStatus>otherPoint</TimingStatus>
        </From>
        <To SequenceNumber="5">
          <StopPointRef>1590015101</StopPointRef>
          <TimingStatus>otherPoint</TimingStatus>
        </To>
        <RouteLinkRef>rl_0000_4</RouteLinkRef>
        <RunTime>PT2M</RunTime>
      </JourneyPatternTimingLink>
      <JourneyPatternTimingLink id="jptl_5">
        <From SequenceNumber="5">
          <StopPointRef>1590015101</StopPointRef>
          <TimingStatus>otherPoint</TimingStatus>
        </From>
        <To SequenceNumber="6">
          <StopPointRef>1590014801</StopPointRef>
          <TimingStatus>otherPoint</TimingStatus>
        </To>
        <RouteLinkRef>rl_0000_5</RouteLinkRef>
        <RunTime>PT1M</RunTime>
      </JourneyPatternTimingLink>
      <JourneyPatternTimingLink id="jptl_6">
        <From SequenceNumber="6">
          <StopPointRef>1590014801</StopPointRef>
          <TimingStatus>otherPoint</TimingStatus>
        </From>
        <To SequenceNumber="7">
          <StopPointRef>1590014501</StopPointRef>
          <TimingStatus>principalTimingPoint</TimingStatus>
        </To>
        <RouteLinkRef>rl_0000_6</RouteLinkRef>
        <RunTime>PT2M</RunTime>
      </JourneyPatternTimingLink>
      <JourneyPatternTimingLink id="jptl_7">
        <From SequenceNumber="7">
          <StopPointRef>1590014501</StopPointRef>
          <TimingStatus>principalTimingPoint</TimingStatus>
        </From>
        <To SequenceNumber="8">
          <StopPointRef>1590013601</StopPointRef>
          <TimingStatus>principalTimingPoint</TimingStatus>
        </To>
        <RouteLinkRef>rl_0000_7</RouteLinkRef>
        <RunTime>PT2M</RunTime>
      </JourneyPatternTimingLink>
      <JourneyPatternTimingLink id="jptl_8">
        <From SequenceNumber="8">
          <StopPointRef>1590013601</StopPointRef>
          <TimingStatus>principalTimingPoint</TimingStatus>
        </From>
        <To SequenceNumber="9">
          <StopPointRef>159007075129</StopPointRef>
          <TimingStatus>otherPoint</TimingStatus>
        </To>
        <RouteLinkRef>rl_0000_8</RouteLinkRef>
        <RunTime>PT1M</RunTime>
      </JourneyPatternTimingLink>
      <JourneyPatternTimingLink id="jptl_9">
        <From SequenceNumber="9">
          <StopPointRef>159007075129</StopPointRef>
          <TimingStatus>otherPoint</TimingStatus>
        </From>
        <To SequenceNumber="10">
          <StopPointRef>1590011301</StopPointRef>
          <TimingStatus>otherPoint</TimingStatus>
        </To>
        <RouteLinkRef>rl_0000_9</RouteLinkRef>
        <RunTime>PT1M</RunTime>
      </JourneyPatternTimingLink>
      <JourneyPatternTimingLink id="jptl_10">
        <From SequenceNumber="10">
          <StopPointRef>1590011301</StopPointRef>
          <TimingStatus>otherPoint</TimingStatus>
        </From>
        <To SequenceNumber="11">
          <StopPointRef>1590001201</StopPointRef>
          <TimingStatus>principalTimingPoint</TimingStatus>
        </To>
        <RouteLinkRef>rl_0000_10</RouteLinkRef>
        <RunTime>PT1M</RunTime>
      </JourneyPatternTimingLink>
      <JourneyPatternTimingLink id="jptl_11">
        <From SequenceNumber="11">
          <StopPointRef>1590001201</StopPointRef>
          <TimingStatus>principalTimingPoint</TimingStatus>
        </From>
        <To SequenceNumber="12">
          <StopPointRef>1590001001</StopPointRef>
          <TimingStatus>otherPoint</TimingStatus>
        </To>
        <RouteLinkRef>rl_0000_11</RouteLinkRef>
        <RunTime>PT1M</RunTime>
      </JourneyPatternTimingLink>
      <JourneyPatternTimingLink id="jptl_12">
        <From SequenceNumber="12">
          <StopPointRef>1590001001</StopPointRef>
          <TimingStatus>otherPoint</TimingStatus>
        </From>
        <To SequenceNumber="13">
          <StopPointRef>1590000801</StopPointRef>
          <TimingStatus>otherPoint</TimingStatus>
        </To>
        <RouteLinkRef>rl_0000_12</RouteLinkRef>
        <RunTime>PT2M</RunTime>
      </JourneyPatternTimingLink>
      <JourneyPatternTimingLink id="jptl_13">
        <From SequenceNumber="13">
          <StopPointRef>1590000801</StopPointRef>
          <TimingStatus>otherPoint</TimingStatus>
        </From>
        <To SequenceNumber="14">
          <StopPointRef>1590000601</StopPointRef>
          <TimingStatus>otherPoint</TimingStatus>
        </To>
        <RouteLinkRef>rl_0000_13</RouteLinkRef>
        <RunTime>PT1M</RunTime>
      </JourneyPatternTimingLink>
      <JourneyPatternTimingLink id="jptl_14">
        <From SequenceNumber="14">
          <StopPointRef>1590000601</StopPointRef>
          <TimingStatus>otherPoint</TimingStatus>
        </From>
        <To SequenceNumber="15">
          <StopPointRef>1590705232</StopPointRef>
          <TimingStatus>principalTimingPoint</TimingStatus>
        </To>
        <RouteLinkRef>rl_0000_14</RouteLinkRef>
        <RunTime>PT2M</RunTime>
      </JourneyPatternTimingLink>
      <JourneyPatternTimingLink id="jptl_15">
        <From SequenceNumber="15">
          <StopPointRef>1590705232</StopPointRef>
          <TimingStatus>principalTimingPoint</TimingStatus>
        </From>
        <To SequenceNumber="16">
          <StopPointRef>1590000401</StopPointRef>
          <TimingStatus>principalTimingPoint</TimingStatus>
        </To>
        <RouteLinkRef>rl_0000_15</RouteLinkRef>
        <RunTime>PT5M</RunTime>
      </JourneyPatternTimingLink>
      <JourneyPatternTimingLink id="jptl_16">
        <From SequenceNumber="16">
          <StopPointRef>1590000401</StopPointRef>
          <TimingStatus>principalTimingPoint</TimingStatus>
        </From>
        <To SequenceNumber="17">
          <StopPointRef>1590000201</StopPointRef>
          <TimingStatus>otherPoint</TimingStatus>
        </To>
        <RouteLinkRef>rl_0000_16</RouteLinkRef>
        <RunTime>PT1M</RunTime>
      </JourneyPatternTimingLink>
      <JourneyPatternTimingLink id="jptl_17">
        <From SequenceNumber="17">
          <StopPointRef>1590000201</StopPointRef>
          <TimingStatus>otherPoint</TimingStatus>
        </From>
        <To SequenceNumber="18">
          <Activity>setDown</Activity>
          <StopPointRef>15907075102</StopPointRef>
          <TimingStatus>principalTimingPoint</TimingStatus>
        </To>
        <RouteLinkRef>rl_0000_17</RouteLinkRef>
        <RunTime>PT1M</RunTime>
      </JourneyPatternTimingLink>
    </JourneyPatternSection>
  </JourneyPatternSections>
  <Operators>
    <Operator id="tkt_oid">
      <NationalOperatorCode>ENSB</NationalOperatorCode>
      <OperatorCode>ENS</OperatorCode>
      <OperatorShortName>Ensignbus</OperatorShortName>
      <LicenceNumber>PF0001961</LicenceNumber>
    </Operator>
  </Operators>
  <Services>
    <Service>
      <ServiceCode>PF0001961:31</ServiceCode>
      <Lines>
        <Line id="ENSB:PF0001961:31:44">
          <LineName>44</LineName>
          <OutboundDescription>
            <Description>Lakeside to Grays</Description>
          </OutboundDescription>
          <InboundDescription>
            <Description>Grays to Lakeside</Description>
          </InboundDescription>
        </Line>
      </Lines>
      <OperatingPeriod>
        <StartDate>2026-02-26</StartDate>
        <EndDate>2026-03-26</EndDate>
      </OperatingPeriod>
      <OperatingProfile>
        <RegularDayType>
          <DaysOfWeek>
            <Thursday />
          </DaysOfWeek>
        </RegularDayType>
        <ServicedOrganisationDayType>
          <DaysOfOperation>
            <WorkingDays>
              <ServicedOrganisationRef>HRSD:2</ServicedOrganisationRef>
              <ServicedOrganisationRef>HCHSD:2</ServicedOrganisationRef>
              <ServicedOrganisationRef>OPASD:2</ServicedOrganisationRef>
              <ServicedOrganisationRef>WESSD:2</ServicedOrganisationRef>
              <ServicedOrganisationRef>PCD:2</ServicedOrganisationRef>
              <ServicedOrganisationRef>DGSWD:2</ServicedOrganisationRef>
              <ServicedOrganisationRef>GGSWD:2</ServicedOrganisationRef>
            </WorkingDays>
          </DaysOfOperation>
        </ServicedOrganisationDayType>
        <BankHolidayOperation>
          <DaysOfNonOperation>
            <ChristmasDay />
            <BoxingDay />
            <GoodFriday />
            <NewYearsDay />
            <LateSummerBankHolidayNotScotland />
            <MayDay />
            <EasterMonday />
            <SpringBank />
            <ChristmasDayHoliday />
            <BoxingDayHoliday />
            <NewYearsDayHoliday />
            <ChristmasEve />
            <NewYearsEve />
          </DaysOfNonOperation>
        </BankHolidayOperation>
      </OperatingProfile>
      <RegisteredOperatorRef>tkt_oid</RegisteredOperatorRef>
      <PublicUse>true</PublicUse>
      <StandardService>
        <Origin>Lakeside</Origin>
        <Destination>Grays</Destination>
        <JourneyPattern id="jp_1">
          <DestinationDisplay>Garrison Estate</DestinationDisplay>
          <OperatorRef>tkt_oid</OperatorRef>
          <Direction>inbound</Direction>
          <RouteRef>rt_0000</RouteRef>
          <JourneyPatternSectionRefs>js_1</JourneyPatternSectionRefs>
        </JourneyPattern>
      </StandardService>
    </Service>
  </Services>
  <VehicleJourneys>
    <VehicleJourney>
      <OperatorRef>tkt_oid</OperatorRef>
      <Operational>
        <TicketMachine>
          <JourneyCode>602</JourneyCode>
        </TicketMachine>
      </Operational>
      <VehicleJourneyCode>vj_1</VehicleJourneyCode>
      <ServiceRef>PF0001961:31</ServiceRef>
      <LineRef>ENSB:PF0001961:31:44</LineRef>
      <JourneyPatternRef>jp_1</JourneyPatternRef>
      <DepartureTime>07:40:00</DepartureTime>
    </VehicleJourney>
  </VehicleJourneys>
</TransXChange>