﻿<?xml version="1.0" encoding="utf-8"?>
<TransXChange xmlns:xsi="http://www.w3.org/2001/XMLSchema-instance" SchemaVersion="2.4" CreationDateTime="2024-10-30T12:47:52" ModificationDateTime="2025-10-24T12:18:51" Modification="revise" RevisionNumber="5" FileName="ENSB_x32_ENSBPF0001961103x32_20251108_20251108_2201388.xml" xmlns="http://www.transxchange.org.uk/">
  <StopPoints>
    <AnnotatedStopPointRef>
      <StopPointRef>40004408111A</StopPointRef>
      <CommonName>The White Horse</CommonName>
      <Location>
        <Longitude>-0.330045</Longitude>
        <Latitude>51.232820</Latitude>
      </Location>
    </AnnotatedStopPointRef>
    <AnnotatedStopPointRef>
      <StopPointRef>40004408111B</StopPointRef>
      <CommonName>The White Horse</CommonName>
      <Location>
        <Longitude>-0.330211</Longitude>
        <Latitude>51.232597</Latitude>
      </Location>
    </AnnotatedStopPointRef>
    <AnnotatedStopPointRef>
      <StopPointRef>40004408115C</StopPointRef>
      <CommonName>Dorking Railway Station</CommonName>
      <Location>
        <Longitude>-0.324296</Longitude>
        <Latitude>51.240849</Latitude>
      </Location>
    </AnnotatedStopPointRef>
    <AnnotatedStopPointRef>
      <StopPointRef>40004408050A</StopPointRef>
      <CommonName>Brockham Lane</CommonName>
      <Location>
        <Longitude>-0.290264</Longitude>
        <Latitude>51.241436</Latitude>
      </Location>
    </AnnotatedStopPointRef>
    <AnnotatedStopPointRef>
      <StopPointRef>40004408050B</StopPointRef>
      <CommonName>Brockham Lane</CommonName>
      <Location>
        <Longitude>-0.292340</Longitude>
        <Latitude>51.241448</Latitude>
      </Location>
    </AnnotatedStopPointRef>
    <AnnotatedStopPointRef>
      <StopPointRef>40004409100A</StopPointRef>
      <CommonName>Red Cross</CommonName>
      <Location>
        <Longitude>-0.209891</Longitude>
        <Latitude>51.238481</Latitude>
      </Location>
    </AnnotatedStopPointRef>
    <AnnotatedStopPointRef>
      <StopPointRef>40004409100C</StopPointRef>
      <CommonName>High Street</CommonName>
      <Location>
        <Longitude>-0.209799</Longitude>
        <Latitude>51.237895</Latitude>
      </Location>
    </AnnotatedStopPointRef>
    <AnnotatedStopPointRef>
      <StopPointRef>40004409261A</StopPointRef>
      <CommonName>Bell Street</CommonName>
      <Location>
        <Longitude>-0.205519</Longitude>
        <Latitude>51.237083</Latitude>
      </Location>
    </AnnotatedStopPointRef>
    <AnnotatedStopPointRef>
      <StopPointRef>40004409222B</StopPointRef>
      <CommonName>Redhill Bus Station</CommonName>
      <Location>
        <Longitude>-0.166769</Longitude>
        <Latitude>51.240682</Latitude>
      </Location>
    </AnnotatedStopPointRef>
  </StopPoints>
  <RouteSections>
    <RouteSection id="rsf_0000">
      <RouteLink id="rl_0000_1">
        <From>
          <StopPointRef>40004408111A</StopPointRef>
        </From>
        <To>
          <StopPointRef>40004408050A</StopPointRef>
        </To>
      </RouteLink>
    </RouteSection>
    <RouteSection id="rsf_0001">
      <RouteLink id="rl_0001_1">
        <From>
          <StopPointRef>40004408115C</StopPointRef>
        </From>
        <To>
          <StopPointRef>40004408050A</StopPointRef>
        </To>
      </RouteLink>
    </RouteSection>
    <RouteSection id="rsf_0002">
      <RouteLink id="rl_0002_1">
        <From>
          <StopPointRef>40004408111A</StopPointRef>
        </From>
        <To>
          <StopPointRef>40004408115C</StopPointRef>
        </To>
      </RouteLink>
      <RouteLink id="rl_0002_2">
        <From>
          <StopPointRef>40004408115C</StopPointRef>
        </From>
        <To>
          <StopPointRef>40004408050A</StopPointRef>
        </To>
      </RouteLink>
    </RouteSection>
    <RouteSection id="rsf_0003">
      <RouteLink id="rl_0003_1">
        <From>
          <StopPointRef>40004408050A</StopPointRef>
        </From>
        <To>
          <StopPointRef>40004409100A</StopPointRef>
        </To>
      </RouteLink>
      <RouteLink id="rl_0003_2">
        <From>
          <StopPointRef>40004409100A</StopPointRef>
        </From>
        <To>
          <StopPointRef>40004409222B</StopPointRef>
        </To>
      </RouteLink>
    </RouteSection>
    <RouteSection id="rsf_0004">
      <RouteLink id="rl_0004_1">
        <From>
          <StopPointRef>40004409222B</StopPointRef>
        </From>
        <To>
          <StopPointRef>40004409100C</StopPointRef>
        </To>
      </RouteLink>
      <RouteLink id="rl_0004_2">
        <From>
          <StopPointRef>40004409100C</StopPointRef>
        </From>
        <To>
          <StopPointRef>40004408050B</StopPointRef>
        </To>
      </RouteLink>
    </RouteSection>
    <RouteSection id="rsf_0005">
      <RouteLink id="rl_0005_1">
        <From>
          <StopPointRef>40004409261A</StopPointRef>
        </From>
        <To>
          <StopPointRef>40004409100C</StopPointRef>
        </To>
      </RouteLink>
      <RouteLink id="rl_0005_2">
        <From>
          <StopPointRef>40004409100C</StopPointRef>
        </From>
        <To>
          <StopPointRef>40004408050B</StopPointRef>
        </To>
      </RouteLink>
    </RouteSection>
    <RouteSection id="rsf_0006">
      <RouteLink id="rl_0006_1">
        <From>
          <StopPointRef>40004409222B</StopPointRef>
        </From>
        <To>
          <StopPointRef>40004409261A</StopPointRef>
        </To>
      </RouteLink>
      <RouteLink id="rl_0006_2">
        <From>
          <StopPointRef>40004409261A</StopPointRef>
        </From>
        <To>
          <StopPointRef>40004409100C</StopPointRef>
        </To>
      </RouteLink>
      <RouteLink id="rl_0006_3">
        <From>
          <StopPointRef>40004409100C</StopPointRef>
        </From>
        <To>
          <StopPointRef>40004408050B</StopPointRef>
        </To>
      </RouteLink>
    </RouteSection>
    <RouteSection id="rsf_0007">
      <RouteLink id="rl_0007_1">
        <From>
          <StopPointRef>40004408050B</StopPointRef>
        </From>
        <To>
          <StopPointRef>40004408115C</StopPointRef>
        </To>
      </RouteLink>
      <RouteLink id="rl_0007_2">
        <From>
          <StopPointRef>40004408115C</StopPointRef>
        </From>
        <To>
          <StopPointRef>40004408111B</StopPointRef>
        </To>
      </RouteLink>
    </RouteSection>
  </RouteSections>
  <Routes>
    <Route id="rt_0000">
      <Description>No route description available</Description>
      <RouteSectionRef>rsf_0000</RouteSectionRef>
    </Route>
    <Route id="rt_0001">
      <Description>No route description available</Description>
      <RouteSectionRef>rsf_0001</RouteSectionRef>
    </Route>
    <Route id="rt_0002">
      <Description>No route description available</Description>
      <RouteSectionRef>rsf_0002</RouteSectionRef>
    </Route>
    <Route id="rt_0003">
      <Description>No route description available</Description>
      <RouteSectionRef>rsf_0003</RouteSectionRef>
    </Route>
    <Route id="rt_0004">
      <Description>No route description available</Description>
      <RouteSectionRef>rsf_0004</RouteSectionRef>
    </Route>
    <Route id="rt_0005">
      <Description>No route description available</Description>
      <RouteSectionRef>rsf_0005</RouteSectionRef>
    </Route>
    <Route id="rt_0006">
      <Description>No route description available</Description>
      <RouteSectionRef>rsf_0006</RouteSectionRef>
    </Route>
    <Route id="rt_0007">
      <Description>No route description available</Description>
      <RouteSectionRef>rsf_0007</RouteSectionRef>
    </Route>
  </Routes>
  <JourneyPatternSections>
    <JourneyPatternSection id="js_1">
      <JourneyPatternTimingLink id="jptl_1">
        <From SequenceNumber="1">
          <Activity>pickUp</Activity>
          <StopPointRef>40004408111A</StopPointRef>
          <TimingStatus>principalTimingPoint</TimingStatus>
        </From>
        <To SequenceNumber="3">
          <Activity>setDown</Activity>
          <StopPointRef>40004408050A</StopPointRef>
          <TimingStatus>principalTimingPoint</TimingStatus>
        </To>
        <RouteLinkRef>rl_0000_1</RouteLinkRef>
        <RunTime>PT10M</RunTime>
      </JourneyPatternTimingLink>
    </JourneyPatternSection>
    <JourneyPatternSection id="js_2">
      <JourneyPatternTimingLink id="jptl_2">
        <From SequenceNumber="2">
          <Activity>pickUp</Activity>
          <StopPointRef>40004408115C</StopPointRef>
          <TimingStatus>principalTimingPoint</TimingStatus>
        </From>
        <To SequenceNumber="3">
          <Activity>setDown</Activity>
          <StopPointRef>40004408050A</StopPointRef>
          <TimingStatus>principalTimingPoint</TimingStatus>
        </To>
        <RouteLinkRef>rl_0001_1</RouteLinkRef>
        <RunTime>PT10M</RunTime>
      </JourneyPatternTimingLink>
    </JourneyPatternSection>
    <JourneyPatternSection id="js_3">
      <JourneyPatternTimingLink id="jptl_3">
        <From SequenceNumber="1">
          <Activity>pickUp</Activity>
          <StopPointRef>40004408111A</StopPointRef>
          <TimingStatus>principalTimingPoint</TimingStatus>
        </From>
        <To SequenceNumber="2">
          <StopPointRef>40004408115C</StopPointRef>
          <TimingStatus>principalTimingPoint</TimingStatus>
        </To>
        <RouteLinkRef>rl_0002_1</RouteLinkRef>
        <RunTime>PT5M</RunTime>
      </JourneyPatternTimingLink>
      <JourneyPatternTimingLink id="jptl_4">
        <From SequenceNumber="2">
          <StopPointRef>40004408115C</StopPointRef>
          <TimingStatus>principalTimingPoint</TimingStatus>
        </From>
        <To SequenceNumber="3">
          <Activity>setDown</Activity>
          <StopPointRef>40004408050A</StopPointRef>
          <TimingStatus>principalTimingPoint</TimingStatus>
        </To>
        <RouteLinkRef>rl_0002_2</RouteLinkRef>
        <RunTime>PT10M</RunTime>
      </JourneyPatternTimingLink>
    </JourneyPatternSection>
    <JourneyPatternSection id="js_4">
      <JourneyPatternTimingLink id="jptl_5">
        <From SequenceNumber="3">
          <Activity>pickUp</Activity>
          <StopPointRef>40004408050A</StopPointRef>
          <TimingStatus>principalTimingPoint</TimingStatus>
        </From>
        <To SequenceNumber="4">
          <StopPointRef>40004409100A</StopPointRef>
          <TimingStatus>principalTimingPoint</TimingStatus>
        </To>
        <RouteLinkRef>rl_0003_1</RouteLinkRef>
        <RunTime>PT10M</RunTime>
      </JourneyPatternTimingLink>
      <JourneyPatternTimingLink id="jptl_6">
        <From SequenceNumber="4">
          <StopPointRef>40004409100A</StopPointRef>
          <TimingStatus>principalTimingPoint</TimingStatus>
        </From>
        <To SequenceNumber="5">
          <Activity>setDown</Activity>
          <StopPointRef>40004409222B</StopPointRef>
          <TimingStatus>principalTimingPoint</TimingStatus>
        </To>
        <RouteLinkRef>rl_0003_2</RouteLinkRef>
        <RunTime>PT5M</RunTime>
      </JourneyPatternTimingLink>
    </JourneyPatternSection>
    <JourneyPatternSection id="js_5">
      <JourneyPatternTimingLink id="jptl_7">
        <From SequenceNumber="1">
          <Activity>pickUp</Activity>
          <StopPointRef>40004409222B</StopPointRef>
          <TimingStatus>principalTimingPoint</TimingStatus>
        </From>
        <To SequenceNumber="3">
          <StopPointRef>40004409100C</StopPointRef>
          <TimingStatus>principalTimingPoint</TimingStatus>
        </To>
        <RouteLinkRef>rl_0004_1</RouteLinkRef>
        <RunTime>PT10M</RunTime>
      </JourneyPatternTimingLink>
      <JourneyPatternTimingLink id="jptl_8">
        <From SequenceNumber="3">
          <StopPointRef>40004409100C</StopPointRef>
          <TimingStatus>principalTimingPoint</TimingStatus>
        </From>
        <To SequenceNumber="4">
          <Activity>setDown</Activity>
          <StopPointRef>40004408050B</StopPointRef>
          <TimingStatus>principalTimingPoint</TimingStatus>
        </To>
        <RouteLinkRef>rl_0004_2</RouteLinkRef>
        <RunTime>PT10M</RunTime>
      </JourneyPatternTimingLink>
    </JourneyPatternSection>
    <JourneyPatternSection id="js_6">
      <JourneyPatternTimingLink id="jptl_9">
        <From SequenceNumber="2">
          <Activity>pickUp</Activity>
          <StopPointRef>40004409261A</StopPointRef>
          <TimingStatus>principalTimingPoint</TimingStatus>
        </From>
        <To SequenceNumber="3">
          <StopPointRef>40004409100C</StopPointRef>
          <TimingStatus>principalTimingPoint</TimingStatus>
        </To>
        <RouteLinkRef>rl_0005_1</RouteLinkRef>
        <RunTime>PT3M</RunTime>
      </JourneyPatternTimingLink>
      <JourneyPatternTimingLink id="jptl_10">
        <From SequenceNumber="3">
          <StopPointRef>40004409100C</StopPointRef>
          <TimingStatus>principalTimingPoint</TimingStatus>
        </From>
        <To SequenceNumber="4">
          <Activity>setDown</Activity>
          <StopPointRef>40004408050B</StopPointRef>
          <TimingStatus>principalTimingPoint</TimingStatus>
        </To>
        <RouteLinkRef>rl_0005_2</RouteLinkRef>
        <RunTime>PT10M</RunTime>
      </JourneyPatternTimingLink>
    </JourneyPatternSection>
    <JourneyPatternSection id="js_7">
      <JourneyPatternTimingLink id="jptl_11">
        <From SequenceNumber="1">
          <Activity>pickUp</Activity>
          <StopPointRef>40004409222B</StopPointRef>
          <TimingStatus>principalTimingPoint</TimingStatus>
        </From>
        <To SequenceNumber="2">
          <StopPointRef>40004409261A</StopPointRef>
          <TimingStatus>principalTimingPoint</TimingStatus>
        </To>
        <RouteLinkRef>rl_0006_1</RouteLinkRef>
        <RunTime>PT5M</RunTime>
      </JourneyPatternTimingLink>
      <JourneyPatternTimingLink id="jptl_12">
        <From SequenceNumber="2">
          <StopPointRef>40004409261A</StopPointRef>
          <TimingStatus>principalTimingPoint</TimingStatus>
        </From>
        <To SequenceNumber="3">
          <StopPointRef>40004409100C</StopPointRef>
          <TimingStatus>principalTimingPoint</TimingStatus>
        </To>
        <RouteLinkRef>rl_0006_2</RouteLinkRef>
        <RunTime>PT3M</RunTime>
      </JourneyPatternTimingLink>
      <JourneyPatternTimingLink id="jptl_13">
        <From SequenceNumber="3">
          <StopPointRef>40004409100C</StopPointRef>
          <TimingStatus>principalTimingPoint</TimingStatus>
        </From>
        <To SequenceNumber="4">
          <Activity>setDown</Activity>
          <StopPointRef>40004408050B</StopPointRef>
          <TimingStatus>principalTimingPoint</TimingStatus>
        </To>
        <RouteLinkRef>rl_0006_3</RouteLinkRef>
        <RunTime>PT10M</RunTime>
      </JourneyPatternTimingLink>
    </JourneyPatternSection>
    <JourneyPatternSection id="js_8">
      <JourneyPatternTimingLink id="jptl_14">
        <From SequenceNumber="4">
          <Activity>pickUp</Activity>
          <StopPointRef>40004408050B</StopPointRef>
          <TimingStatus>principalTimingPoint</TimingStatus>
        </From>
        <To SequenceNumber="5">
          <StopPointRef>40004408115C</StopPointRef>
          <TimingStatus>principalTimingPoint</TimingStatus>
        </To>
        <RouteLinkRef>rl_0007_1</RouteLinkRef>
        <RunTime>PT10M</RunTime>
      </JourneyPatternTimingLink>
      <JourneyPatternTimingLink id="jptl_15">
        <From SequenceNumber="5">
          <StopPointRef>40004408115C</StopPointRef>
          <TimingStatus>principalTimingPoint</TimingStatus>
        </From>
        <To SequenceNumber="6">
          <Activity>setDown</Activity>
          <StopPointRef>40004408111B</StopPointRef>
          <TimingStatus>principalTimingPoint</TimingStatus>
        </To>
        <RouteLinkRef>rl_0007_2</RouteLinkRef>
        <RunTime>PT5M</RunTime>
      </JourneyPatternTimingLink>
    </JourneyPatternSection>
  </JourneyPatternSections>
  <Operators>
    <Operator id="tkt_oid">
      <NationalOperatorCode>ENSB</NationalOperatorCode>
      <OperatorCode>ENS</OperatorCode>
      <OperatorShortName>Ensignbus</OperatorShortName>
      <LicenceNumber>PF0001961</LicenceNumber>
    </Operator>
  </Operators>
  <Services>
    <Service>
      <ServiceCode>PF0001961:103</ServiceCode>
      <Lines>
        <Line id="ENSB:PF0001961:103:x32">
          <LineName>x32</LineName>
          <OutboundDescription>
            <Description>Dorking / Redhill to Brockham Bonfire</Description>
          </OutboundDescription>
          <InboundDescription>
            <Description>Brockham Bonfire to Dorking / Redhill</Description>
          </InboundDescription>
        </Line>
      </Lines>
      <OperatingPeriod>
        <StartDate>2025-11-08</StartDate>
        <EndDate>2025-11-08</EndDate>
      </OperatingPeriod>
      <OperatingProfile>
        <RegularDayType>
          <DaysOfWeek>
            <Saturday />
          </DaysOfWeek>
        </RegularDayType>
        <SpecialDaysOperation>
          <DaysOfOperation>
            <DateRange>
              <StartDate>2025-11-08</StartDate>
              <EndDate>2025-11-08</EndDate>
            </DateRange>
          </DaysOfOperation>
        </SpecialDaysOperation>
        <BankHolidayOperation>
          <DaysOfNonOperation>
            <ChristmasDay />
            <BoxingDay />
            <GoodFriday />
            <NewYearsDay />
            <LateSummerBankHolidayNotScotland />
            <MayDay />
            <EasterMonday />
            <SpringBank />
            <ChristmasDayHoliday />
            <BoxingDayHoliday />
            <NewYearsDayHoliday />
            <ChristmasEve />
            <NewYearsEve />
          </DaysOfNonOperation>
        </BankHolidayOperation>
      </OperatingProfile>
      <RegisteredOperatorRef>tkt_oid</RegisteredOperatorRef>
      <PublicUse>true</PublicUse>
      <StandardService>
        <Origin>Dorking / Redhill</Origin>
        <Destination>Brockham Bonfire</Destination>
        <JourneyPattern id="jp_1">
          <DestinationDisplay>Brockham Lane</DestinationDisplay>
          <OperatorRef>tkt_oid</OperatorRef>
          <Direction>outbound</Direction>
          <RouteRef>rt_0000</RouteRef>
          <JourneyPatternSectionRefs>js_1</JourneyPatternSectionRefs>
        </JourneyPattern>
        <JourneyPattern id="jp_2">
          <DestinationDisplay>Brockham Lane</DestinationDisplay>
          <OperatorRef>tkt_oid</OperatorRef>
          <Direction>outbound</Direction>
          <RouteRef>rt_0001</RouteRef>
          <JourneyPatternSectionRefs>js_2</JourneyPatternSectionRefs>
        </JourneyPattern>
        <JourneyPattern id="jp_3">
          <DestinationDisplay>Brockham Lane</DestinationDisplay>
          <OperatorRef>tkt_oid</OperatorRef>
          <Direction>outbound</Direction>
          <RouteRef>rt_0002</RouteRef>
          <JourneyPatternSectionRefs>js_3</JourneyPatternSectionRefs>
        </JourneyPattern>
        <JourneyPattern id="jp_4">
          <DestinationDisplay>Redhill Bus Station</DestinationDisplay>
          <OperatorRef>tkt_oid</OperatorRef>
          <Direction>outbound</Direction>
          <RouteRef>rt_0003</RouteRef>
          <JourneyPatternSectionRefs>js_4</JourneyPatternSectionRefs>
        </JourneyPattern>
        <JourneyPattern id="jp_5">
          <DestinationDisplay>Brockham Lane</DestinationDisplay>
          <OperatorRef>tkt_oid</OperatorRef>
          <Direction>inbound</Direction>
          <RouteRef>rt_0004</RouteRef>
          <JourneyPatternSectionRefs>js_5</JourneyPatternSectionRefs>
        </JourneyPattern>
        <JourneyPattern id="jp_6">
          <DestinationDisplay>Brockham Lane</DestinationDisplay>
          <OperatorRef>tkt_oid</OperatorRef>
          <Direction>inbound</Direction>
          <RouteRef>rt_0005</RouteRef>
          <JourneyPatternSectionRefs>js_6</JourneyPatternSectionRefs>
        </JourneyPattern>
        <JourneyPattern id="jp_7">
          <DestinationDisplay>Brockham Lane</DestinationDisplay>
          <OperatorRef>tkt_oid</OperatorRef>
          <Direction>inbound</Direction>
          <RouteRef>rt_0006</RouteRef>
          <JourneyPatternSectionRefs>js_7</JourneyPatternSectionRefs>
        </JourneyPattern>
        <JourneyPattern id="jp_8">
          <DestinationDisplay>The White Horse</DestinationDisplay>
          <OperatorRef>tkt_oid</OperatorRef>
          <Direction>inbound</Direction>
          <RouteRef>rt_0007</RouteRef>
          <JourneyPatternSectionRefs>js_8</JourneyPatternSectionRefs>
        </JourneyPattern>
      </StandardService>
    </Service>
  </Services>
  <VehicleJourneys>
    <VehicleJourney>
      <OperatorRef>tkt_oid</OperatorRef>
      <Operational>
        <TicketMachine>
          <JourneyCode>1</JourneyCode>
        </TicketMachine>
      </Operational>
      <VehicleJourneyCode>vj_1</VehicleJourneyCode>
      <ServiceRef>PF0001961:103</ServiceRef>
      <LineRef>ENSB:PF0001961:103:x32</LineRef>
      <JourneyPatternRef>jp_1</JourneyPatternRef>
      <DepartureTime>17:40:00</DepartureTime>
    </VehicleJourney>
    <VehicleJourney>
      <OperatorRef>tkt_oid</OperatorRef>
      <Operational>
        <TicketMachine>
          <JourneyCode>3</JourneyCode>
        </TicketMachine>
      </Operational>
      <VehicleJourneyCode>vj_2</VehicleJourneyCode>
      <ServiceRef>PF0001961:103</ServiceRef>
      <LineRef>ENSB:PF0001961:103:x32</LineRef>
      <JourneyPatternRef>jp_1</JourneyPatternRef>
      <DepartureTime>18:00:00</DepartureTime>
    </VehicleJourney>
    <VehicleJourney>
      <OperatorRef>tkt_oid</OperatorRef>
      <Operational>
        <TicketMachine>
          <JourneyCode>9</JourneyCode>
        </TicketMachine>
      </Operational>
      <VehicleJourneyCode>vj_3</VehicleJourneyCode>
      <ServiceRef>PF0001961:103</ServiceRef>
      <LineRef>ENSB:PF0001961:103:x32</LineRef>
      <JourneyPatternRef>jp_1</JourneyPatternRef>
      <DepartureTime>18:20:00</DepartureTime>
    </VehicleJourney>
    <VehicleJourney>
      <OperatorRef>tkt_oid</OperatorRef>
      <Operational>
        <TicketMachine>
          <JourneyCode>15</JourneyCode>
        </TicketMachine>
      </Operational>
      <VehicleJourneyCode>vj_4</VehicleJourneyCode>
      <ServiceRef>PF0001961:103</ServiceRef>
      <LineRef>ENSB:PF0001961:103:x32</LineRef>
      <JourneyPatternRef>jp_1</JourneyPatternRef>
      <DepartureTime>18:40:00</DepartureTime>
    </VehicleJourney>
    <VehicleJourney>
      <OperatorRef>tkt_oid</OperatorRef>
      <Operational>
        <TicketMachine>
          <JourneyCode>21</JourneyCode>
        </TicketMachine>
      </Operational>
      <VehicleJourneyCode>vj_5</VehicleJourneyCode>
      <ServiceRef>PF0001961:103</ServiceRef>
      <LineRef>ENSB:PF0001961:103:x32</LineRef>
      <JourneyPatternRef>jp_1</JourneyPatternRef>
      <DepartureTime>19:00:00</DepartureTime>
    </VehicleJourney>
    <VehicleJourney>
      <OperatorRef>tkt_oid</OperatorRef>
      <Operational>
        <TicketMachine>
          <JourneyCode>5</JourneyCode>
        </TicketMachine>
      </Operational>
      <VehicleJourneyCode>vj_6</VehicleJourneyCode>
      <ServiceRef>PF0001961:103</ServiceRef>
      <LineRef>ENSB:PF0001961:103:x32</LineRef>
      <JourneyPatternRef>jp_2</JourneyPatternRef>
      <DepartureTime>18:00:00</DepartureTime>
    </VehicleJourney>
    <VehicleJourney>
      <OperatorRef>tkt_oid</OperatorRef>
      <Operational>
        <TicketMachine>
          <JourneyCode>7</JourneyCode>
        </TicketMachine>
      </Operational>
      <VehicleJourneyCode>vj_7</VehicleJourneyCode>
      <ServiceRef>PF0001961:103</ServiceRef>
      <LineRef>ENSB:PF0001961:103:x32</LineRef>
      <JourneyPatternRef>jp_2</JourneyPatternRef>
      <DepartureTime>18:10:00</DepartureTime>
    </VehicleJourney>
    <VehicleJourney>
      <OperatorRef>tkt_oid</OperatorRef>
      <Operational>
        <TicketMachine>
          <JourneyCode>11</JourneyCode>
        </TicketMachine>
      </Operational>
      <VehicleJourneyCode>vj_8</VehicleJourneyCode>
      <ServiceRef>PF0001961:103</ServiceRef>
      <LineRef>ENSB:PF0001961:103:x32</LineRef>
      <JourneyPatternRef>jp_2</JourneyPatternRef>
      <DepartureTime>18:20:00</DepartureTime>
    </VehicleJourney>
    <VehicleJourney>
      <OperatorRef>tkt_oid</OperatorRef>
      <Operational>
        <TicketMachine>
          <JourneyCode>13</JourneyCode>
        </TicketMachine>
      </Operational>
      <VehicleJourneyCode>vj_9</VehicleJourneyCode>
      <ServiceRef>PF0001961:103</ServiceRef>
      <LineRef>ENSB:PF0001961:103:x32</LineRef>
      <JourneyPatternRef>jp_2</JourneyPatternRef>
      <DepartureTime>18:30:00</DepartureTime>
    </VehicleJourney>
    <VehicleJourney>
      <OperatorRef>tkt_oid</OperatorRef>
      <Operational>
        <TicketMachine>
          <JourneyCode>17</JourneyCode>
        </TicketMachine>
      </Operational>
      <VehicleJourneyCode>vj_10</VehicleJourneyCode>
      <ServiceRef>PF0001961:103</ServiceRef>
      <LineRef>ENSB:PF0001961:103:x32</LineRef>
      <JourneyPatternRef>jp_2</JourneyPatternRef>
      <DepartureTime>18:40:00</DepartureTime>
    </VehicleJourney>
    <VehicleJourney>
      <OperatorRef>tkt_oid</OperatorRef>
      <Operational>
        <TicketMachine>
          <JourneyCode>19</JourneyCode>
        </TicketMachine>
      </Operational>
      <VehicleJourneyCode>vj_11</VehicleJourneyCode>
      <ServiceRef>PF0001961:103</ServiceRef>
      <LineRef>ENSB:PF0001961:103:x32</LineRef>
      <JourneyPatternRef>jp_2</JourneyPatternRef>
      <DepartureTime>18:50:00</DepartureTime>
    </VehicleJourney>
    <VehicleJourney>
      <OperatorRef>tkt_oid</OperatorRef>
      <Operational>
        <TicketMachine>
          <JourneyCode>23</JourneyCode>
        </TicketMachine>
      </Operational>
      <VehicleJourneyCode>vj_12</VehicleJourneyCode>
      <ServiceRef>PF0001961:103</ServiceRef>
      <LineRef>ENSB:PF0001961:103:x32</LineRef>
      <JourneyPatternRef>jp_2</JourneyPatternRef>
      <DepartureTime>19:00:00</DepartureTime>
    </VehicleJourney>
    <VehicleJourney>
      <OperatorRef>tkt_oid</OperatorRef>
      <Operational>
        <TicketMachine>
          <JourneyCode>25</JourneyCode>
        </TicketMachine>
      </Operational>
      <VehicleJourneyCode>vj_13</VehicleJourneyCode>
      <ServiceRef>PF0001961:103</ServiceRef>
      <LineRef>ENSB:PF0001961:103:x32</LineRef>
      <JourneyPatternRef>jp_2</JourneyPatternRef>
      <DepartureTime>19:10:00</DepartureTime>
    </VehicleJourney>
    <VehicleJourney>
      <OperatorRef>tkt_oid</OperatorRef>
      <Operational>
        <TicketMachine>
          <JourneyCode>29</JourneyCode>
        </TicketMachine>
      </Operational>
      <VehicleJourneyCode>vj_14</VehicleJourneyCode>
      <ServiceRef>PF0001961:103</ServiceRef>
      <LineRef>ENSB:PF0001961:103:x32</LineRef>
      <JourneyPatternRef>jp_2</JourneyPatternRef>
      <DepartureTime>19:20:00</DepartureTime>
    </VehicleJourney>
    <VehicleJourney>
      <OperatorRef>tkt_oid</OperatorRef>
      <Operational>
        <TicketMachine>
          <JourneyCode>27</JourneyCode>
        </TicketMachine>
      </Operational>
      <VehicleJourneyCode>vj_15</VehicleJourneyCode>
      <ServiceRef>PF0001961:103</ServiceRef>
      <LineRef>ENSB:PF0001961:103:x32</LineRef>
      <JourneyPatternRef>jp_3</JourneyPatternRef>
      <DepartureTime>19:20:00</DepartureTime>
    </VehicleJourney>
    <VehicleJourney>
      <OperatorRef>tkt_oid</OperatorRef>
      <Operational>
        <TicketMachine>
          <JourneyCode>33</JourneyCode>
        </TicketMachine>
      </Operational>
      <VehicleJourneyCode>vj_16</VehicleJourneyCode>
      <ServiceRef>PF0001961:103</ServiceRef>
      <LineRef>ENSB:PF0001961:103:x32</LineRef>
      <JourneyPatternRef>jp_4</JourneyPatternRef>
      <DepartureTime>20:45:00</DepartureTime>
    </VehicleJourney>
    <VehicleJourney>
      <OperatorRef>tkt_oid</OperatorRef>
      <Operational>
        <TicketMachine>
          <JourneyCode>35</JourneyCode>
        </TicketMachine>
      </Operational>
      <VehicleJourneyCode>vj_17</VehicleJourneyCode>
      <ServiceRef>PF0001961:103</ServiceRef>
      <LineRef>ENSB:PF0001961:103:x32</LineRef>
      <JourneyPatternRef>jp_4</JourneyPatternRef>
      <DepartureTime>20:53:00</DepartureTime>
    </VehicleJourney>
    <VehicleJourney>
      <OperatorRef>tkt_oid</OperatorRef>
      <Operational>
        <TicketMachine>
          <JourneyCode>37</JourneyCode>
        </TicketMachine>
      </Operational>
      <VehicleJourneyCode>vj_18</VehicleJourneyCode>
      <ServiceRef>PF0001961:103</ServiceRef>
      <LineRef>ENSB:PF0001961:103:x32</LineRef>
      <JourneyPatternRef>jp_4</JourneyPatternRef>
      <DepartureTime>21:01:00</DepartureTime>
    </VehicleJourney>
    <VehicleJourney>
      <OperatorRef>tkt_oid</OperatorRef>
      <Operational>
        <TicketMachine>
          <JourneyCode>39</JourneyCode>
        </TicketMachine>
      </Operational>
      <VehicleJourneyCode>vj_19</VehicleJourneyCode>
      <ServiceRef>PF0001961:103</ServiceRef>
      <LineRef>ENSB:PF0001961:103:x32</LineRef>
      <JourneyPatternRef>jp_4</JourneyPatternRef>
      <DepartureTime>21:09:00</DepartureTime>
    </VehicleJourney>
    <VehicleJourney>
      <OperatorRef>tkt_oid</OperatorRef>
      <Operational>
        <TicketMachine>
          <JourneyCode>41</JourneyCode>
        </TicketMachine>
      </Operational>
      <VehicleJourneyCode>vj_20</VehicleJourneyCode>
      <ServiceRef>PF0001961:103</ServiceRef>
      <LineRef>ENSB:PF0001961:103:x32</LineRef>
      <JourneyPatternRef>jp_4</JourneyPatternRef>
      <DepartureTime>21:17:00</DepartureTime>
    </VehicleJourney>
    <VehicleJourney>
      <OperatorRef>tkt_oid</OperatorRef>
      <Operational>
        <TicketMachine>
          <JourneyCode>43</JourneyCode>
        </TicketMachine>
      </Operational>
      <VehicleJourneyCode>vj_21</VehicleJourneyCode>
      <ServiceRef>PF0001961:103</ServiceRef>
      <LineRef>ENSB:PF0001961:103:x32</LineRef>
      <JourneyPatternRef>jp_4</JourneyPatternRef>
      <DepartureTime>21:25:00</DepartureTime>
    </VehicleJourney>
    <VehicleJourney>
      <OperatorRef>tkt_oid</OperatorRef>
      <Operational>
        <TicketMachine>
          <JourneyCode>45</JourneyCode>
        </TicketMachine>
      </Operational>
      <VehicleJourneyCode>vj_22</VehicleJourneyCode>
      <ServiceRef>PF0001961:103</ServiceRef>
      <LineRef>ENSB:PF0001961:103:x32</LineRef>
      <JourneyPatternRef>jp_4</JourneyPatternRef>
      <DepartureTime>21:33:00</DepartureTime>
    </VehicleJourney>
    <VehicleJourney>
      <OperatorRef>tkt_oid</OperatorRef>
      <Operational>
        <TicketMachine>
          <JourneyCode>47</JourneyCode>
        </TicketMachine>
      </Operational>
      <VehicleJourneyCode>vj_23</VehicleJourneyCode>
      <ServiceRef>PF0001961:103</ServiceRef>
      <LineRef>ENSB:PF0001961:103:x32</LineRef>
      <JourneyPatternRef>jp_4</JourneyPatternRef>
      <DepartureTime>21:41:00</DepartureTime>
    </VehicleJourney>
    <VehicleJourney>
      <OperatorRef>tkt_oid</OperatorRef>
      <Operational>
        <TicketMachine>
          <JourneyCode>49</JourneyCode>
        </TicketMachine>
      </Operational>
      <VehicleJourneyCode>vj_24</VehicleJourneyCode>
      <ServiceRef>PF0001961:103</ServiceRef>
      <LineRef>ENSB:PF0001961:103:x32</LineRef>
      <JourneyPatternRef>jp_4</JourneyPatternRef>
      <DepartureTime>21:49:00</DepartureTime>
    </VehicleJourney>
    <VehicleJourney>
      <OperatorRef>tkt_oid</OperatorRef>
      <Operational>
        <TicketMachine>
          <JourneyCode>51</JourneyCode>
        </TicketMachine>
      </Operational>
      <VehicleJourneyCode>vj_25</VehicleJourneyCode>
      <ServiceRef>PF0001961:103</ServiceRef>
      <LineRef>ENSB:PF0001961:103:x32</LineRef>
      <JourneyPatternRef>jp_4</JourneyPatternRef>
      <DepartureTime>21:57:00</DepartureTime>
    </VehicleJourney>
    <VehicleJourney>
      <OperatorRef>tkt_oid</OperatorRef>
      <Operational>
        <TicketMachine>
          <JourneyCode>53</JourneyCode>
        </TicketMachine>
      </Operational>
      <VehicleJourneyCode>vj_26</VehicleJourneyCode>
      <ServiceRef>PF0001961:103</ServiceRef>
      <LineRef>ENSB:PF0001961:103:x32</LineRef>
      <JourneyPatternRef>jp_4</JourneyPatternRef>
      <DepartureTime>22:05:00</DepartureTime>
    </VehicleJourney>
    <VehicleJourney>
      <OperatorRef>tkt_oid</OperatorRef>
      <Operational>
        <TicketMachine>
          <JourneyCode>55</JourneyCode>
        </TicketMachine>
      </Operational>
      <VehicleJourneyCode>vj_27</VehicleJourneyCode>
      <ServiceRef>PF0001961:103</ServiceRef>
      <LineRef>ENSB:PF0001961:103:x32</LineRef>
      <JourneyPatternRef>jp_4</JourneyPatternRef>
      <DepartureTime>22:15:00</DepartureTime>
    </VehicleJourney>
    <VehicleJourney>
      <OperatorRef>tkt_oid</OperatorRef>
      <Operational>
        <TicketMachine>
          <JourneyCode>57</JourneyCode>
        </TicketMachine>
      </Operational>
      <VehicleJourneyCode>vj_28</VehicleJourneyCode>
      <ServiceRef>PF0001961:103</ServiceRef>
      <LineRef>ENSB:PF0001961:103:x32</LineRef>
      <JourneyPatternRef>jp_4</JourneyPatternRef>
      <DepartureTime>22:30:00</DepartureTime>
    </VehicleJourney>
    <VehicleJourney>
      <OperatorRef>tkt_oid</OperatorRef>
      <Operational>
        <TicketMachine>
          <JourneyCode>59</JourneyCode>
        </TicketMachine>
      </Operational>
      <VehicleJourneyCode>vj_29</VehicleJourneyCode>
      <ServiceRef>PF0001961:103</ServiceRef>
      <LineRef>ENSB:PF0001961:103:x32</LineRef>
      <JourneyPatternRef>jp_4</JourneyPatternRef>
      <DepartureTime>22:45:00</DepartureTime>
    </VehicleJourney>
    <VehicleJourney>
      <OperatorRef>tkt_oid</OperatorRef>
      <Operational>
        <TicketMachine>
          <JourneyCode>4</JourneyCode>
        </TicketMachine>
      </Operational>
      <VehicleJourneyCode>vj_30</VehicleJourneyCode>
      <ServiceRef>PF0001961:103</ServiceRef>
      <LineRef>ENSB:PF0001961:103:x32</LineRef>
      <JourneyPatternRef>jp_5</JourneyPatternRef>
      <DepartureTime>17:40:00</DepartureTime>
    </VehicleJourney>
    <VehicleJourney>
      <OperatorRef>tkt_oid</OperatorRef>
      <Operational>
        <TicketMachine>
          <JourneyCode>8</JourneyCode>
        </TicketMachine>
      </Operational>
      <VehicleJourneyCode>vj_31</VehicleJourneyCode>
      <ServiceRef>PF0001961:103</ServiceRef>
      <LineRef>ENSB:PF0001961:103:x32</LineRef>
      <JourneyPatternRef>jp_5</JourneyPatternRef>
      <DepartureTime>18:00:00</DepartureTime>
    </VehicleJourney>
    <VehicleJourney>
      <OperatorRef>tkt_oid</OperatorRef>
      <Operational>
        <TicketMachine>
          <JourneyCode>14</JourneyCode>
        </TicketMachine>
      </Operational>
      <VehicleJourneyCode>vj_32</VehicleJourneyCode>
      <ServiceRef>PF0001961:103</ServiceRef>
      <LineRef>ENSB:PF0001961:103:x32</LineRef>
      <JourneyPatternRef>jp_5</JourneyPatternRef>
      <DepartureTime>18:20:00</DepartureTime>
    </VehicleJourney>
    <VehicleJourney>
      <OperatorRef>tkt_oid</OperatorRef>
      <Operational>
        <TicketMachine>
          <JourneyCode>20</JourneyCode>
        </TicketMachine>
      </Operational>
      <VehicleJourneyCode>vj_33</VehicleJourneyCode>
      <ServiceRef>PF0001961:103</ServiceRef>
      <LineRef>ENSB:PF0001961:103:x32</LineRef>
      <JourneyPatternRef>jp_5</JourneyPatternRef>
      <DepartureTime>18:40:00</DepartureTime>
    </VehicleJourney>
    <VehicleJourney>
      <OperatorRef>tkt_oid</OperatorRef>
      <Operational>
        <TicketMachine>
          <JourneyCode>26</JourneyCode>
        </TicketMachine>
      </Operational>
      <VehicleJourneyCode>vj_34</VehicleJourneyCode>
      <ServiceRef>PF0001961:103</ServiceRef>
      <LineRef>ENSB:PF0001961:103:x32</LineRef>
      <JourneyPatternRef>jp_5</JourneyPatternRef>
      <DepartureTime>19:00:00</DepartureTime>
    </VehicleJourney>
    <VehicleJourney>
      <OperatorRef>tkt_oid</OperatorRef>
      <Operational>
        <TicketMachine>
          <JourneyCode>2</JourneyCode>
        </TicketMachine>
      </Operational>
      <VehicleJourneyCode>vj_35</VehicleJourneyCode>
      <ServiceRef>PF0001961:103</ServiceRef>
      <LineRef>ENSB:PF0001961:103:x32</LineRef>
      <JourneyPatternRef>jp_6</JourneyPatternRef>
      <DepartureTime>17:45:00</DepartureTime>
    </VehicleJourney>
    <VehicleJourney>
      <OperatorRef>tkt_oid</OperatorRef>
      <Operational>
        <TicketMachine>
          <JourneyCode>6</JourneyCode>
        </TicketMachine>
      </Operational>
      <VehicleJourneyCode>vj_36</VehicleJourneyCode>
      <ServiceRef>PF0001961:103</ServiceRef>
      <LineRef>ENSB:PF0001961:103:x32</LineRef>
      <JourneyPatternRef>jp_6</JourneyPatternRef>
      <DepartureTime>17:57:00</DepartureTime>
    </VehicleJourney>
    <VehicleJourney>
      <OperatorRef>tkt_oid</OperatorRef>
      <Operational>
        <TicketMachine>
          <JourneyCode>10</JourneyCode>
        </TicketMachine>
      </Operational>
      <VehicleJourneyCode>vj_37</VehicleJourneyCode>
      <ServiceRef>PF0001961:103</ServiceRef>
      <LineRef>ENSB:PF0001961:103:x32</LineRef>
      <JourneyPatternRef>jp_6</JourneyPatternRef>
      <DepartureTime>18:09:00</DepartureTime>
    </VehicleJourney>
    <VehicleJourney>
      <OperatorRef>tkt_oid</OperatorRef>
      <Operational>
        <TicketMachine>
          <JourneyCode>12</JourneyCode>
        </TicketMachine>
      </Operational>
      <VehicleJourneyCode>vj_38</VehicleJourneyCode>
      <ServiceRef>PF0001961:103</ServiceRef>
      <LineRef>ENSB:PF0001961:103:x32</LineRef>
      <JourneyPatternRef>jp_6</JourneyPatternRef>
      <DepartureTime>18:17:00</DepartureTime>
    </VehicleJourney>
    <VehicleJourney>
      <OperatorRef>tkt_oid</OperatorRef>
      <Operational>
        <TicketMachine>
          <JourneyCode>16</JourneyCode>
        </TicketMachine>
      </Operational>
      <VehicleJourneyCode>vj_39</VehicleJourneyCode>
      <ServiceRef>PF0001961:103</ServiceRef>
      <LineRef>ENSB:PF0001961:103:x32</LineRef>
      <JourneyPatternRef>jp_6</JourneyPatternRef>
      <DepartureTime>18:29:00</DepartureTime>
    </VehicleJourney>
    <VehicleJourney>
      <OperatorRef>tkt_oid</OperatorRef>
      <Operational>
        <TicketMachine>
          <JourneyCode>18</JourneyCode>
        </TicketMachine>
      </Operational>
      <VehicleJourneyCode>vj_40</VehicleJourneyCode>
      <ServiceRef>PF0001961:103</ServiceRef>
      <LineRef>ENSB:PF0001961:103:x32</LineRef>
      <JourneyPatternRef>jp_6</JourneyPatternRef>
      <DepartureTime>18:39:00</DepartureTime>
    </VehicleJourney>
    <VehicleJourney>
      <OperatorRef>tkt_oid</OperatorRef>
      <Operational>
        <TicketMachine>
          <JourneyCode>22</JourneyCode>
        </TicketMachine>
      </Operational>
      <VehicleJourneyCode>vj_41</VehicleJourneyCode>
      <ServiceRef>PF0001961:103</ServiceRef>
      <LineRef>ENSB:PF0001961:103:x32</LineRef>
      <JourneyPatternRef>jp_6</JourneyPatternRef>
      <DepartureTime>18:49:00</DepartureTime>
    </VehicleJourney>
    <VehicleJourney>
      <OperatorRef>tkt_oid</OperatorRef>
      <Operational>
        <TicketMachine>
          <JourneyCode>24</JourneyCode>
        </TicketMachine>
      </Operational>
      <VehicleJourneyCode>vj_42</VehicleJourneyCode>
      <ServiceRef>PF0001961:103</ServiceRef>
      <LineRef>ENSB:PF0001961:103:x32</LineRef>
      <JourneyPatternRef>jp_6</JourneyPatternRef>
      <DepartureTime>18:59:00</DepartureTime>
    </VehicleJourney>
    <VehicleJourney>
      <OperatorRef>tkt_oid</OperatorRef>
      <Operational>
        <TicketMachine>
          <JourneyCode>28</JourneyCode>
        </TicketMachine>
      </Operational>
      <VehicleJourneyCode>vj_43</VehicleJourneyCode>
      <ServiceRef>PF0001961:103</ServiceRef>
      <LineRef>ENSB:PF0001961:103:x32</LineRef>
      <JourneyPatternRef>jp_6</JourneyPatternRef>
      <DepartureTime>19:12:00</DepartureTime>
    </VehicleJourney>
    <VehicleJourney>
      <OperatorRef>tkt_oid</OperatorRef>
      <Operational>
        <TicketMachine>
          <JourneyCode>30</JourneyCode>
        </TicketMachine>
      </Operational>
      <VehicleJourneyCode>vj_44</VehicleJourneyCode>
      <ServiceRef>PF0001961:103</ServiceRef>
      <LineRef>ENSB:PF0001961:103:x32</LineRef>
      <JourneyPatternRef>jp_7</JourneyPatternRef>
      <DepartureTime>19:15:00</DepartureTime>
    </VehicleJourney>
    <VehicleJourney>
      <OperatorRef>tkt_oid</OperatorRef>
      <Operational>
        <TicketMachine>
          <JourneyCode>32</JourneyCode>
        </TicketMachine>
      </Operational>
      <VehicleJourneyCode>vj_45</VehicleJourneyCode>
      <ServiceRef>PF0001961:103</ServiceRef>
      <LineRef>ENSB:PF0001961:103:x32</LineRef>
      <JourneyPatternRef>jp_8</JourneyPatternRef>
      <DepartureTime>20:45:00</DepartureTime>
    </VehicleJourney>
    <VehicleJourney>
      <OperatorRef>tkt_oid</OperatorRef>
      <Operational>
        <TicketMachine>
          <JourneyCode>34</JourneyCode>
        </TicketMachine>
      </Operational>
      <VehicleJourneyCode>vj_46</VehicleJourneyCode>
      <ServiceRef>PF0001961:103</ServiceRef>
      <LineRef>ENSB:PF0001961:103:x32</LineRef>
      <JourneyPatternRef>jp_8</JourneyPatternRef>
      <DepartureTime>20:53:00</DepartureTime>
    </VehicleJourney>
    <VehicleJourney>
      <OperatorRef>tkt_oid</OperatorRef>
      <Operational>
        <TicketMachine>
          <JourneyCode>36</JourneyCode>
        </TicketMachine>
      </Operational>
      <VehicleJourneyCode>vj_47</VehicleJourneyCode>
      <ServiceRef>PF0001961:103</ServiceRef>
      <LineRef>ENSB:PF0001961:103:x32</LineRef>
      <JourneyPatternRef>jp_8</JourneyPatternRef>
      <DepartureTime>21:01:00</DepartureTime>
    </VehicleJourney>
    <VehicleJourney>
      <OperatorRef>tkt_oid</OperatorRef>
      <Operational>
        <TicketMachine>
          <JourneyCode>38</JourneyCode>
        </TicketMachine>
      </Operational>
      <VehicleJourneyCode>vj_48</VehicleJourneyCode>
      <ServiceRef>PF0001961:103</ServiceRef>
      <LineRef>ENSB:PF0001961:103:x32</LineRef>
      <JourneyPatternRef>jp_8</JourneyPatternRef>
      <DepartureTime>21:09:00</DepartureTime>
    </VehicleJourney>
    <VehicleJourney>
      <OperatorRef>tkt_oid</OperatorRef>
      <Operational>
        <TicketMachine>
          <JourneyCode>40</JourneyCode>
        </TicketMachine>
      </Operational>
      <VehicleJourneyCode>vj_49</VehicleJourneyCode>
      <ServiceRef>PF0001961:103</ServiceRef>
      <LineRef>ENSB:PF0001961:103:x32</LineRef>
      <JourneyPatternRef>jp_8</JourneyPatternRef>
      <DepartureTime>21:17:00</DepartureTime>
    </VehicleJourney>
    <VehicleJourney>
      <OperatorRef>tkt_oid</OperatorRef>
      <Operational>
        <TicketMachine>
          <JourneyCode>42</JourneyCode>
        </TicketMachine>
      </Operational>
      <VehicleJourneyCode>vj_50</VehicleJourneyCode>
      <ServiceRef>PF0001961:103</ServiceRef>
      <LineRef>ENSB:PF0001961:103:x32</LineRef>
      <JourneyPatternRef>jp_8</JourneyPatternRef>
      <DepartureTime>21:25:00</DepartureTime>
    </VehicleJourney>
    <VehicleJourney>
      <OperatorRef>tkt_oid</OperatorRef>
      <Operational>
        <TicketMachine>
          <JourneyCode>44</JourneyCode>
        </TicketMachine>
      </Operational>
      <VehicleJourneyCode>vj_51</VehicleJourneyCode>
      <ServiceRef>PF0001961:103</ServiceRef>
      <LineRef>ENSB:PF0001961:103:x32</LineRef>
      <JourneyPatternRef>jp_8</JourneyPatternRef>
      <DepartureTime>21:33:00</DepartureTime>
    </VehicleJourney>
    <VehicleJourney>
      <OperatorRef>tkt_oid</OperatorRef>
      <Operational>
        <TicketMachine>
          <JourneyCode>46</JourneyCode>
        </TicketMachine>
      </Operational>
      <VehicleJourneyCode>vj_52</VehicleJourneyCode>
      <ServiceRef>PF0001961:103</ServiceRef>
      <LineRef>ENSB:PF0001961:103:x32</LineRef>
      <JourneyPatternRef>jp_8</JourneyPatternRef>
      <DepartureTime>21:41:00</DepartureTime>
    </VehicleJourney>
    <VehicleJourney>
      <OperatorRef>tkt_oid</OperatorRef>
      <Operational>
        <TicketMachine>
          <JourneyCode>48</JourneyCode>
        </TicketMachine>
      </Operational>
      <VehicleJourneyCode>vj_53</VehicleJourneyCode>
      <ServiceRef>PF0001961:103</ServiceRef>
      <LineRef>ENSB:PF0001961:103:x32</LineRef>
      <JourneyPatternRef>jp_8</JourneyPatternRef>
      <DepartureTime>21:49:00</DepartureTime>
    </VehicleJourney>
    <VehicleJourney>
      <OperatorRef>tkt_oid</OperatorRef>
      <Operational>
        <TicketMachine>
          <JourneyCode>50</JourneyCode>
        </TicketMachine>
      </Operational>
      <VehicleJourneyCode>vj_54</VehicleJourneyCode>
      <ServiceRef>PF0001961:103</ServiceRef>
      <LineRef>ENSB:PF0001961:103:x32</LineRef>
      <JourneyPatternRef>jp_8</JourneyPatternRef>
      <DepartureTime>21:57:00</DepartureTime>
    </VehicleJourney>
    <VehicleJourney>
      <OperatorRef>tkt_oid</OperatorRef>
      <Operational>
        <TicketMachine>
          <JourneyCode>52</JourneyCode>
        </TicketMachine>
      </Operational>
      <VehicleJourneyCode>vj_55</VehicleJourneyCode>
      <ServiceRef>PF0001961:103</ServiceRef>
      <LineRef>ENSB:PF0001961:103:x32</LineRef>
      <JourneyPatternRef>jp_8</JourneyPatternRef>
      <DepartureTime>22:05:00</DepartureTime>
    </VehicleJourney>
    <VehicleJourney>
      <OperatorRef>tkt_oid</OperatorRef>
      <Operational>
        <TicketMachine>
          <JourneyCode>54</JourneyCode>
        </TicketMachine>
      </Operational>
      <VehicleJourneyCode>vj_56</VehicleJourneyCode>
      <ServiceRef>PF0001961:103</ServiceRef>
      <LineRef>ENSB:PF0001961:103:x32</LineRef>
      <JourneyPatternRef>jp_8</JourneyPatternRef>
      <DepartureTime>22:15:00</DepartureTime>
    </VehicleJourney>
    <VehicleJourney>
      <OperatorRef>tkt_oid</OperatorRef>
      <Operational>
        <TicketMachine>
          <JourneyCode>56</JourneyCode>
        </TicketMachine>
      </Operational>
      <VehicleJourneyCode>vj_57</VehicleJourneyCode>
      <ServiceRef>PF0001961:103</ServiceRef>
      <LineRef>ENSB:PF0001961:103:x32</LineRef>
      <JourneyPatternRef>jp_8</JourneyPatternRef>
      <DepartureTime>22:30:00</DepartureTime>
    </VehicleJourney>
    <VehicleJourney>
      <OperatorRef>tkt_oid</OperatorRef>
      <Operational>
        <TicketMachine>
          <JourneyCode>58</JourneyCode>
        </TicketMachine>
      </Operational>
      <VehicleJourneyCode>vj_58</VehicleJourneyCode>
      <ServiceRef>PF0001961:103</ServiceRef>
      <LineRef>ENSB:PF0001961:103:x32</LineRef>
      <JourneyPatternRef>jp_8</JourneyPatternRef>
      <DepartureTime>22:45:00</DepartureTime>
    </VehicleJourney>
  </VehicleJourneys>
</TransXChange>