﻿<?xml version="1.0" encoding="utf-8"?>
<TransXChange xmlns:xsi="http://www.w3.org/2001/XMLSchema-instance" SchemaVersion="2.4" CreationDateTime="2011-03-18T16:13:15" ModificationDateTime="2026-02-04T08:37:27" Modification="revise" RevisionNumber="69" FileName="ENSB_83_ENSBPF00019612183_20251227_20260321_2235334.xml" xmlns="http://www.transxchange.org.uk/">
  <StopPoints>
    <AnnotatedStopPointRef>
      <StopPointRef>1590060106</StopPointRef>
      <CommonName>Lakeside Bus Station, F</CommonName>
      <Location>
        <Longitude>0.283538</Longitude>
        <Latitude>51.490340</Latitude>
      </Location>
    </AnnotatedStopPointRef>
    <AnnotatedStopPointRef>
      <StopPointRef>1590700201</StopPointRef>
      <CommonName>Ikea</CommonName>
      <Location>
        <Longitude>0.287209</Longitude>
        <Latitude>51.479341</Latitude>
      </Location>
    </AnnotatedStopPointRef>
    <AnnotatedStopPointRef>
      <StopPointRef>1590014601</StopPointRef>
      <CommonName>The Ship</CommonName>
      <Location>
        <Longitude>0.290697</Longitude>
        <Latitude>51.476530</Latitude>
      </Location>
    </AnnotatedStopPointRef>
    <AnnotatedStopPointRef>
      <StopPointRef>1590700301</StopPointRef>
      <CommonName>Ikea</CommonName>
      <Location>
        <Longitude>0.287251</Longitude>
        <Latitude>51.479043</Latitude>
      </Location>
    </AnnotatedStopPointRef>
    <AnnotatedStopPointRef>
      <StopPointRef>1590013901</StopPointRef>
      <CommonName>West Thurrock Way</CommonName>
      <Location>
        <Longitude>0.287886</Longitude>
        <Latitude>51.477053</Latitude>
      </Location>
    </AnnotatedStopPointRef>
    <AnnotatedStopPointRef>
      <StopPointRef>1590014701</StopPointRef>
      <CommonName>Magnet Road</CommonName>
      <Location>
        <Longitude>0.294546</Longitude>
        <Latitude>51.476886</Latitude>
      </Location>
    </AnnotatedStopPointRef>
    <AnnotatedStopPointRef>
      <StopPointRef>1590014501</StopPointRef>
      <CommonName>The Ship</CommonName>
      <Location>
        <Longitude>0.290445</Longitude>
        <Latitude>51.476391</Latitude>
      </Location>
    </AnnotatedStopPointRef>
    <AnnotatedStopPointRef>
      <StopPointRef>1590014801</StopPointRef>
      <CommonName>The Shant</CommonName>
      <Location>
        <Longitude>0.296688</Longitude>
        <Latitude>51.477087</Latitude>
      </Location>
    </AnnotatedStopPointRef>
    <AnnotatedStopPointRef>
      <StopPointRef>1590015001</StopPointRef>
      <CommonName>Mill Lane</CommonName>
      <Location>
        <Longitude>0.298829</Longitude>
        <Latitude>51.477567</Latitude>
      </Location>
    </AnnotatedStopPointRef>
    <AnnotatedStopPointRef>
      <StopPointRef>1590015201</StopPointRef>
      <CommonName>Moore Avenue</CommonName>
      <Location>
        <Longitude>0.302473</Longitude>
        <Latitude>51.477855</Latitude>
      </Location>
    </AnnotatedStopPointRef>
    <AnnotatedStopPointRef>
      <StopPointRef>1590015101</StopPointRef>
      <CommonName>Moore Avenue</CommonName>
      <Location>
        <Longitude>0.301934</Longitude>
        <Latitude>51.477749</Latitude>
      </Location>
    </AnnotatedStopPointRef>
    <AnnotatedStopPointRef>
      <StopPointRef>1590015301</StopPointRef>
      <CommonName>Rosebery Road</CommonName>
      <Location>
        <Longitude>0.308536</Longitude>
        <Latitude>51.476423</Latitude>
      </Location>
    </AnnotatedStopPointRef>
    <AnnotatedStopPointRef>
      <StopPointRef>1590015401</StopPointRef>
      <CommonName>Rosebery Road</CommonName>
      <Location>
        <Longitude>0.310276</Longitude>
        <Latitude>51.476380</Latitude>
      </Location>
    </AnnotatedStopPointRef>
    <AnnotatedStopPointRef>
      <StopPointRef>1590015501</StopPointRef>
      <CommonName>Meesons Lane</CommonName>
      <Location>
        <Longitude>0.311138</Longitude>
        <Latitude>51.476338</Latitude>
      </Location>
    </AnnotatedStopPointRef>
    <AnnotatedStopPointRef>
      <StopPointRef>1590015701</StopPointRef>
      <CommonName>Aldi</CommonName>
      <Location>
        <Longitude>0.315750</Longitude>
        <Latitude>51.476973</Latitude>
      </Location>
    </AnnotatedStopPointRef>
    <AnnotatedStopPointRef>
      <StopPointRef>1590705219</StopPointRef>
      <CommonName>Aldi</CommonName>
      <Location>
        <Longitude>0.315809</Longitude>
        <Latitude>51.477050</Latitude>
      </Location>
    </AnnotatedStopPointRef>
    <AnnotatedStopPointRef>
      <StopPointRef>15906049</StopPointRef>
      <CommonName>Grays Bus Station, 7</CommonName>
      <Location>
        <Longitude>0.320767</Longitude>
        <Latitude>51.476793</Latitude>
      </Location>
    </AnnotatedStopPointRef>
    <AnnotatedStopPointRef>
      <StopPointRef>1590060001</StopPointRef>
      <CommonName>Grays Bus Station, 1</CommonName>
      <Location>
        <Longitude>0.321146</Longitude>
        <Latitude>51.476605</Latitude>
      </Location>
    </AnnotatedStopPointRef>
    <AnnotatedStopPointRef>
      <StopPointRef>1590017601</StopPointRef>
      <CommonName>Stanley Road</CommonName>
      <Location>
        <Longitude>0.326698</Longitude>
        <Latitude>51.478996</Latitude>
      </Location>
    </AnnotatedStopPointRef>
    <AnnotatedStopPointRef>
      <StopPointRef>1590700101</StopPointRef>
      <CommonName>Stanley Road</CommonName>
      <Location>
        <Longitude>0.326425</Longitude>
        <Latitude>51.479019</Latitude>
      </Location>
    </AnnotatedStopPointRef>
    <AnnotatedStopPointRef>
      <StopPointRef>1590019201</StopPointRef>
      <CommonName>Bradleigh Avenue</CommonName>
      <Location>
        <Longitude>0.331699</Longitude>
        <Latitude>51.481037</Latitude>
      </Location>
    </AnnotatedStopPointRef>
    <AnnotatedStopPointRef>
      <StopPointRef>1590019301</StopPointRef>
      <CommonName>Bradleigh Avenue</CommonName>
      <Location>
        <Longitude>0.332458</Longitude>
        <Latitude>51.481237</Latitude>
      </Location>
    </AnnotatedStopPointRef>
    <AnnotatedStopPointRef>
      <StopPointRef>1590019401</StopPointRef>
      <CommonName>Palmers Avenue</CommonName>
      <Location>
        <Longitude>0.335584</Longitude>
        <Latitude>51.482380</Latitude>
      </Location>
    </AnnotatedStopPointRef>
    <AnnotatedStopPointRef>
      <StopPointRef>1590019501</StopPointRef>
      <CommonName>Palmers Avenue</CommonName>
      <Location>
        <Longitude>0.335179</Longitude>
        <Latitude>51.482343</Latitude>
      </Location>
    </AnnotatedStopPointRef>
    <AnnotatedStopPointRef>
      <StopPointRef>1590019701</StopPointRef>
      <CommonName>Whitehall Road</CommonName>
      <Location>
        <Longitude>0.335665</Longitude>
        <Latitude>51.485931</Latitude>
      </Location>
    </AnnotatedStopPointRef>
    <AnnotatedStopPointRef>
      <StopPointRef>1590022801</StopPointRef>
      <CommonName>Tennyson Avenue</CommonName>
      <Location>
        <Longitude>0.335808</Longitude>
        <Latitude>51.487880</Latitude>
      </Location>
    </AnnotatedStopPointRef>
    <AnnotatedStopPointRef>
      <StopPointRef>1590023001</StopPointRef>
      <CommonName>Piggs Corner</CommonName>
      <Location>
        <Longitude>0.337516</Longitude>
        <Latitude>51.489168</Latitude>
      </Location>
    </AnnotatedStopPointRef>
    <AnnotatedStopPointRef>
      <StopPointRef>1590019601</StopPointRef>
      <CommonName>Whitehall Road</CommonName>
      <Location>
        <Longitude>0.335892</Longitude>
        <Latitude>51.485306</Latitude>
      </Location>
    </AnnotatedStopPointRef>
    <AnnotatedStopPointRef>
      <StopPointRef>1590022901</StopPointRef>
      <CommonName>Tennyson Avenue</CommonName>
      <Location>
        <Longitude>0.336176</Longitude>
        <Latitude>51.488043</Latitude>
      </Location>
    </AnnotatedStopPointRef>
    <AnnotatedStopPointRef>
      <StopPointRef>1590023101</StopPointRef>
      <CommonName>The Oak</CommonName>
      <Location>
        <Longitude>0.341035</Longitude>
        <Latitude>51.489302</Latitude>
      </Location>
    </AnnotatedStopPointRef>
    <AnnotatedStopPointRef>
      <StopPointRef>1590023201</StopPointRef>
      <CommonName>The Oak</CommonName>
      <Location>
        <Longitude>0.341139</Longitude>
        <Latitude>51.489032</Latitude>
      </Location>
    </AnnotatedStopPointRef>
    <AnnotatedStopPointRef>
      <StopPointRef>1590042601</StopPointRef>
      <CommonName>Parkside</CommonName>
      <Location>
        <Longitude>0.345205</Longitude>
        <Latitude>51.488031</Latitude>
      </Location>
    </AnnotatedStopPointRef>
    <AnnotatedStopPointRef>
      <StopPointRef>15907075121</StopPointRef>
      <CommonName>Ridgeway</CommonName>
      <Location>
        <Longitude>0.347266</Longitude>
        <Latitude>51.486928</Latitude>
      </Location>
    </AnnotatedStopPointRef>
    <AnnotatedStopPointRef>
      <StopPointRef>1590025501</StopPointRef>
      <CommonName>Wood View</CommonName>
      <Location>
        <Longitude>0.350061</Longitude>
        <Latitude>51.486039</Latitude>
      </Location>
    </AnnotatedStopPointRef>
    <AnnotatedStopPointRef>
      <StopPointRef>1590025101</StopPointRef>
      <CommonName>USP (Palmers) College</CommonName>
      <Location>
        <Longitude>0.351279</Longitude>
        <Latitude>51.484243</Latitude>
      </Location>
    </AnnotatedStopPointRef>
    <AnnotatedStopPointRef>
      <StopPointRef>1590025301</StopPointRef>
      <CommonName>Heathland Way</CommonName>
      <Location>
        <Longitude>0.353618</Longitude>
        <Latitude>51.484628</Latitude>
      </Location>
    </AnnotatedStopPointRef>
    <AnnotatedStopPointRef>
      <StopPointRef>1590042701</StopPointRef>
      <CommonName>The Haven</CommonName>
      <Location>
        <Longitude>0.360584</Longitude>
        <Latitude>51.482005</Latitude>
      </Location>
    </AnnotatedStopPointRef>
    <AnnotatedStopPointRef>
      <StopPointRef>1590046801</StopPointRef>
      <CommonName>The Haven</CommonName>
      <Location>
        <Longitude>0.360550</Longitude>
        <Latitude>51.481898</Latitude>
      </Location>
    </AnnotatedStopPointRef>
    <AnnotatedStopPointRef>
      <StopPointRef>1590029501</StopPointRef>
      <CommonName>River View</CommonName>
      <Location>
        <Longitude>0.362442</Longitude>
        <Latitude>51.481437</Latitude>
      </Location>
    </AnnotatedStopPointRef>
    <AnnotatedStopPointRef>
      <StopPointRef>1590029401</StopPointRef>
      <CommonName>River View</CommonName>
      <Location>
        <Longitude>0.362783</Longitude>
        <Latitude>51.481637</Latitude>
      </Location>
    </AnnotatedStopPointRef>
    <AnnotatedStopPointRef>
      <StopPointRef>1590029701</StopPointRef>
      <CommonName>River View Cross Keys</CommonName>
      <Location>
        <Longitude>0.367919</Longitude>
        <Latitude>51.481803</Latitude>
      </Location>
    </AnnotatedStopPointRef>
    <AnnotatedStopPointRef>
      <StopPointRef>1590029601</StopPointRef>
      <CommonName>River View Cross Keys</CommonName>
      <Location>
        <Longitude>0.367909</Longitude>
        <Latitude>51.481606</Latitude>
      </Location>
    </AnnotatedStopPointRef>
    <AnnotatedStopPointRef>
      <StopPointRef>1590034001</StopPointRef>
      <CommonName>Aluric Close</CommonName>
      <Location>
        <Longitude>0.371625</Longitude>
        <Latitude>51.481872</Latitude>
      </Location>
    </AnnotatedStopPointRef>
    <AnnotatedStopPointRef>
      <StopPointRef>1590029801</StopPointRef>
      <CommonName>Rigby Gardens</CommonName>
      <Location>
        <Longitude>0.369084</Longitude>
        <Latitude>51.484811</Latitude>
      </Location>
    </AnnotatedStopPointRef>
    <AnnotatedStopPointRef>
      <StopPointRef>1590029901</StopPointRef>
      <CommonName>Cherry Walk</CommonName>
      <Location>
        <Longitude>0.367664</Longitude>
        <Latitude>51.486890</Latitude>
      </Location>
    </AnnotatedStopPointRef>
    <AnnotatedStopPointRef>
      <StopPointRef>1590033801</StopPointRef>
      <CommonName>Vigerons Way</CommonName>
      <Location>
        <Longitude>0.374138</Longitude>
        <Latitude>51.482289</Latitude>
      </Location>
    </AnnotatedStopPointRef>
    <AnnotatedStopPointRef>
      <StopPointRef>1590033701</StopPointRef>
      <CommonName>Seaborough Road</CommonName>
      <Location>
        <Longitude>0.376070</Longitude>
        <Latitude>51.485371</Latitude>
      </Location>
    </AnnotatedStopPointRef>
    <AnnotatedStopPointRef>
      <StopPointRef>1590030001</StopPointRef>
      <CommonName>Loewen Road</CommonName>
      <Location>
        <Longitude>0.365723</Longitude>
        <Latitude>51.488620</Latitude>
      </Location>
    </AnnotatedStopPointRef>
    <AnnotatedStopPointRef>
      <StopPointRef>1590032301</StopPointRef>
      <CommonName>Cedar Road</CommonName>
      <Location>
        <Longitude>0.369148</Longitude>
        <Latitude>51.489945</Latitude>
      </Location>
    </AnnotatedStopPointRef>
    <AnnotatedStopPointRef>
      <StopPointRef>1590033501</StopPointRef>
      <CommonName>Claudian Way</CommonName>
      <Location>
        <Longitude>0.373972</Longitude>
        <Latitude>51.486573</Latitude>
      </Location>
    </AnnotatedStopPointRef>
    <AnnotatedStopPointRef>
      <StopPointRef>1590032501</StopPointRef>
      <CommonName>Godman Road</CommonName>
      <Location>
        <Longitude>0.371699</Longitude>
        <Latitude>51.490244</Latitude>
      </Location>
    </AnnotatedStopPointRef>
    <AnnotatedStopPointRef>
      <StopPointRef>1590033301</StopPointRef>
      <CommonName>Defoe Parade</CommonName>
      <Location>
        <Longitude>0.372944</Longitude>
        <Latitude>51.488202</Latitude>
      </Location>
    </AnnotatedStopPointRef>
    <AnnotatedStopPointRef>
      <StopPointRef>1590032701</StopPointRef>
      <CommonName>Nicholas Walk</CommonName>
      <Location>
        <Longitude>0.373118</Longitude>
        <Latitude>51.492050</Latitude>
      </Location>
    </AnnotatedStopPointRef>
    <AnnotatedStopPointRef>
      <StopPointRef>1590033001</StopPointRef>
      <CommonName>Morant Road</CommonName>
      <Location>
        <Longitude>0.375076</Longitude>
        <Latitude>51.490625</Latitude>
      </Location>
    </AnnotatedStopPointRef>
    <AnnotatedStopPointRef>
      <StopPointRef>1590032801</StopPointRef>
      <CommonName>Sleepers Farm Road</CommonName>
      <Location>
        <Longitude>0.374783</Longitude>
        <Latitude>51.491647</Latitude>
      </Location>
    </AnnotatedStopPointRef>
  </StopPoints>
  <RouteSections>
    <RouteSection id="rsf_0000">
      <RouteLink id="rl_0000_1">
        <From>
          <StopPointRef>1590060106</StopPointRef>
        </From>
        <To>
          <StopPointRef>1590700201</StopPointRef>
        </To>
      </RouteLink>
      <RouteLink id="rl_0000_2">
        <From>
          <StopPointRef>1590700201</StopPointRef>
        </From>
        <To>
          <StopPointRef>1590014601</StopPointRef>
        </To>
      </RouteLink>
      <RouteLink id="rl_0000_3">
        <From>
          <StopPointRef>1590014601</StopPointRef>
        </From>
        <To>
          <StopPointRef>1590014701</StopPointRef>
        </To>
      </RouteLink>
      <RouteLink id="rl_0000_4">
        <From>
          <StopPointRef>1590014701</StopPointRef>
        </From>
        <To>
          <StopPointRef>1590015001</StopPointRef>
        </To>
      </RouteLink>
      <RouteLink id="rl_0000_5">
        <From>
          <StopPointRef>1590015001</StopPointRef>
        </From>
        <To>
          <StopPointRef>1590015201</StopPointRef>
        </To>
      </RouteLink>
      <RouteLink id="rl_0000_6">
        <From>
          <StopPointRef>1590015201</StopPointRef>
        </From>
        <To>
          <StopPointRef>1590015401</StopPointRef>
        </To>
      </RouteLink>
      <RouteLink id="rl_0000_7">
        <From>
          <StopPointRef>1590015401</StopPointRef>
        </From>
        <To>
          <StopPointRef>1590705219</StopPointRef>
        </To>
      </RouteLink>
      <RouteLink id="rl_0000_8">
        <From>
          <StopPointRef>1590705219</StopPointRef>
        </From>
        <To>
          <StopPointRef>15906049</StopPointRef>
        </To>
      </RouteLink>
      <RouteLink id="rl_0000_9">
        <From>
          <StopPointRef>15906049</StopPointRef>
        </From>
        <To>
          <StopPointRef>1590700101</StopPointRef>
        </To>
      </RouteLink>
      <RouteLink id="rl_0000_10">
        <From>
          <StopPointRef>1590700101</StopPointRef>
        </From>
        <To>
          <StopPointRef>1590019201</StopPointRef>
        </To>
      </RouteLink>
      <RouteLink id="rl_0000_11">
        <From>
          <StopPointRef>1590019201</StopPointRef>
        </From>
        <To>
          <StopPointRef>1590019501</StopPointRef>
        </To>
      </RouteLink>
      <RouteLink id="rl_0000_12">
        <From>
          <StopPointRef>1590019501</StopPointRef>
        </From>
        <To>
          <StopPointRef>1590019701</StopPointRef>
        </To>
      </RouteLink>
      <RouteLink id="rl_0000_13">
        <From>
          <StopPointRef>1590019701</StopPointRef>
        </From>
        <To>
          <StopPointRef>1590022801</StopPointRef>
        </To>
      </RouteLink>
      <RouteLink id="rl_0000_14">
        <From>
          <StopPointRef>1590022801</StopPointRef>
        </From>
        <To>
          <StopPointRef>1590023001</StopPointRef>
        </To>
      </RouteLink>
      <RouteLink id="rl_0000_15">
        <From>
          <StopPointRef>1590023001</StopPointRef>
        </From>
        <To>
          <StopPointRef>1590023101</StopPointRef>
        </To>
      </RouteLink>
      <RouteLink id="rl_0000_16">
        <From>
          <StopPointRef>1590023101</StopPointRef>
        </From>
        <To>
          <StopPointRef>1590042601</StopPointRef>
        </To>
      </RouteLink>
      <RouteLink id="rl_0000_17">
        <From>
          <StopPointRef>1590042601</StopPointRef>
        </From>
        <To>
          <StopPointRef>1590025501</StopPointRef>
        </To>
      </RouteLink>
      <RouteLink id="rl_0000_18">
        <From>
          <StopPointRef>1590025501</StopPointRef>
        </From>
        <To>
          <StopPointRef>1590025301</StopPointRef>
        </To>
      </RouteLink>
      <RouteLink id="rl_0000_19">
        <From>
          <StopPointRef>1590025301</StopPointRef>
        </From>
        <To>
          <StopPointRef>1590042701</StopPointRef>
        </To>
      </RouteLink>
      <RouteLink id="rl_0000_20">
        <From>
          <StopPointRef>1590042701</StopPointRef>
        </From>
        <To>
          <StopPointRef>1590029401</StopPointRef>
        </To>
      </RouteLink>
      <RouteLink id="rl_0000_21">
        <From>
          <StopPointRef>1590029401</StopPointRef>
        </From>
        <To>
          <StopPointRef>1590029701</StopPointRef>
        </To>
      </RouteLink>
      <RouteLink id="rl_0000_22">
        <From>
          <StopPointRef>1590029701</StopPointRef>
        </From>
        <To>
          <StopPointRef>1590029801</StopPointRef>
        </To>
      </RouteLink>
      <RouteLink id="rl_0000_23">
        <From>
          <StopPointRef>1590029801</StopPointRef>
        </From>
        <To>
          <StopPointRef>1590029901</StopPointRef>
        </To>
      </RouteLink>
      <RouteLink id="rl_0000_24">
        <From>
          <StopPointRef>1590029901</StopPointRef>
        </From>
        <To>
          <StopPointRef>1590030001</StopPointRef>
        </To>
      </RouteLink>
      <RouteLink id="rl_0000_25">
        <From>
          <StopPointRef>1590030001</StopPointRef>
        </From>
        <To>
          <StopPointRef>1590032301</StopPointRef>
        </To>
      </RouteLink>
      <RouteLink id="rl_0000_26">
        <From>
          <StopPointRef>1590032301</StopPointRef>
        </From>
        <To>
          <StopPointRef>1590032501</StopPointRef>
        </To>
      </RouteLink>
      <RouteLink id="rl_0000_27">
        <From>
          <StopPointRef>1590032501</StopPointRef>
        </From>
        <To>
          <StopPointRef>1590032701</StopPointRef>
        </To>
      </RouteLink>
      <RouteLink id="rl_0000_28">
        <From>
          <StopPointRef>1590032701</StopPointRef>
        </From>
        <To>
          <StopPointRef>1590032801</StopPointRef>
        </To>
      </RouteLink>
    </RouteSection>
    <RouteSection id="rsf_0001">
      <RouteLink id="rl_0001_1">
        <From>
          <StopPointRef>1590032801</StopPointRef>
        </From>
        <To>
          <StopPointRef>1590033001</StopPointRef>
        </To>
      </RouteLink>
      <RouteLink id="rl_0001_2">
        <From>
          <StopPointRef>1590033001</StopPointRef>
        </From>
        <To>
          <StopPointRef>1590033301</StopPointRef>
        </To>
      </RouteLink>
      <RouteLink id="rl_0001_3">
        <From>
          <StopPointRef>1590033301</StopPointRef>
        </From>
        <To>
          <StopPointRef>1590033501</StopPointRef>
        </To>
      </RouteLink>
      <RouteLink id="rl_0001_4">
        <From>
          <StopPointRef>1590033501</StopPointRef>
        </From>
        <To>
          <StopPointRef>1590033701</StopPointRef>
        </To>
      </RouteLink>
      <RouteLink id="rl_0001_5">
        <From>
          <StopPointRef>1590033701</StopPointRef>
        </From>
        <To>
          <StopPointRef>1590033801</StopPointRef>
        </To>
      </RouteLink>
      <RouteLink id="rl_0001_6">
        <From>
          <StopPointRef>1590033801</StopPointRef>
        </From>
        <To>
          <StopPointRef>1590034001</StopPointRef>
        </To>
      </RouteLink>
      <RouteLink id="rl_0001_7">
        <From>
          <StopPointRef>1590034001</StopPointRef>
        </From>
        <To>
          <StopPointRef>1590029601</StopPointRef>
        </To>
      </RouteLink>
      <RouteLink id="rl_0001_8">
        <From>
          <StopPointRef>1590029601</StopPointRef>
        </From>
        <To>
          <StopPointRef>1590029501</StopPointRef>
        </To>
      </RouteLink>
      <RouteLink id="rl_0001_9">
        <From>
          <StopPointRef>1590029501</StopPointRef>
        </From>
        <To>
          <StopPointRef>1590046801</StopPointRef>
        </To>
      </RouteLink>
      <RouteLink id="rl_0001_10">
        <From>
          <StopPointRef>1590046801</StopPointRef>
        </From>
        <To>
          <StopPointRef>1590025101</StopPointRef>
        </To>
      </RouteLink>
      <RouteLink id="rl_0001_11">
        <From>
          <StopPointRef>1590025101</StopPointRef>
        </From>
        <To>
          <StopPointRef>15907075121</StopPointRef>
        </To>
      </RouteLink>
      <RouteLink id="rl_0001_12">
        <From>
          <StopPointRef>15907075121</StopPointRef>
        </From>
        <To>
          <StopPointRef>1590023201</StopPointRef>
        </To>
      </RouteLink>
      <RouteLink id="rl_0001_13">
        <From>
          <StopPointRef>1590023201</StopPointRef>
        </From>
        <To>
          <StopPointRef>1590022901</StopPointRef>
        </To>
      </RouteLink>
      <RouteLink id="rl_0001_14">
        <From>
          <StopPointRef>1590022901</StopPointRef>
        </From>
        <To>
          <StopPointRef>1590019601</StopPointRef>
        </To>
      </RouteLink>
      <RouteLink id="rl_0001_15">
        <From>
          <StopPointRef>1590019601</StopPointRef>
        </From>
        <To>
          <StopPointRef>1590019401</StopPointRef>
        </To>
      </RouteLink>
      <RouteLink id="rl_0001_16">
        <From>
          <StopPointRef>1590019401</StopPointRef>
        </From>
        <To>
          <StopPointRef>1590019301</StopPointRef>
        </To>
      </RouteLink>
      <RouteLink id="rl_0001_17">
        <From>
          <StopPointRef>1590019301</StopPointRef>
        </From>
        <To>
          <StopPointRef>1590017601</StopPointRef>
        </To>
      </RouteLink>
      <RouteLink id="rl_0001_18">
        <From>
          <StopPointRef>1590017601</StopPointRef>
        </From>
        <To>
          <StopPointRef>1590060001</StopPointRef>
        </To>
      </RouteLink>
      <RouteLink id="rl_0001_19">
        <From>
          <StopPointRef>1590060001</StopPointRef>
        </From>
        <To>
          <StopPointRef>1590015701</StopPointRef>
        </To>
      </RouteLink>
      <RouteLink id="rl_0001_20">
        <From>
          <StopPointRef>1590015701</StopPointRef>
        </From>
        <To>
          <StopPointRef>1590015501</StopPointRef>
        </To>
      </RouteLink>
      <RouteLink id="rl_0001_21">
        <From>
          <StopPointRef>1590015501</StopPointRef>
        </From>
        <To>
          <StopPointRef>1590015301</StopPointRef>
        </To>
      </RouteLink>
      <RouteLink id="rl_0001_22">
        <From>
          <StopPointRef>1590015301</StopPointRef>
        </From>
        <To>
          <StopPointRef>1590015101</StopPointRef>
        </To>
      </RouteLink>
      <RouteLink id="rl_0001_23">
        <From>
          <StopPointRef>1590015101</StopPointRef>
        </From>
        <To>
          <StopPointRef>1590014801</StopPointRef>
        </To>
      </RouteLink>
      <RouteLink id="rl_0001_24">
        <From>
          <StopPointRef>1590014801</StopPointRef>
        </From>
        <To>
          <StopPointRef>1590014501</StopPointRef>
        </To>
      </RouteLink>
      <RouteLink id="rl_0001_25">
        <From>
          <StopPointRef>1590014501</StopPointRef>
        </From>
        <To>
          <StopPointRef>1590013901</StopPointRef>
        </To>
      </RouteLink>
      <RouteLink id="rl_0001_26">
        <From>
          <StopPointRef>1590013901</StopPointRef>
        </From>
        <To>
          <StopPointRef>1590700301</StopPointRef>
        </To>
      </RouteLink>
      <RouteLink id="rl_0001_27">
        <From>
          <StopPointRef>1590700301</StopPointRef>
        </From>
        <To>
          <StopPointRef>1590060106</StopPointRef>
        </To>
      </RouteLink>
    </RouteSection>
  </RouteSections>
  <Routes>
    <Route id="rt_0000">
      <Description>No route description available</Description>
      <RouteSectionRef>rsf_0000</RouteSectionRef>
    </Route>
    <Route id="rt_0001">
      <Description>No route description available</Description>
      <RouteSectionRef>rsf_0001</RouteSectionRef>
    </Route>
  </Routes>
  <JourneyPatternSections>
    <JourneyPatternSection id="js_1">
      <JourneyPatternTimingLink id="jptl_1">
        <From SequenceNumber="1">
          <Activity>pickUp</Activity>
          <StopPointRef>1590060106</StopPointRef>
          <TimingStatus>principalTimingPoint</TimingStatus>
        </From>
        <To SequenceNumber="2">
          <StopPointRef>1590700201</StopPointRef>
          <TimingStatus>otherPoint</TimingStatus>
        </To>
        <RouteLinkRef>rl_0000_1</RouteLinkRef>
        <RunTime>PT4M</RunTime>
      </JourneyPatternTimingLink>
      <JourneyPatternTimingLink id="jptl_2">
        <From SequenceNumber="2">
          <StopPointRef>1590700201</StopPointRef>
          <TimingStatus>otherPoint</TimingStatus>
        </From>
        <To SequenceNumber="3">
          <StopPointRef>1590014601</StopPointRef>
          <TimingStatus>principalTimingPoint</TimingStatus>
        </To>
        <RouteLinkRef>rl_0000_2</RouteLinkRef>
        <RunTime>PT1M</RunTime>
      </JourneyPatternTimingLink>
      <JourneyPatternTimingLink id="jptl_3">
        <From SequenceNumber="3">
          <StopPointRef>1590014601</StopPointRef>
          <TimingStatus>principalTimingPoint</TimingStatus>
        </From>
        <To SequenceNumber="4">
          <StopPointRef>1590014701</StopPointRef>
          <TimingStatus>otherPoint</TimingStatus>
        </To>
        <RouteLinkRef>rl_0000_3</RouteLinkRef>
        <RunTime>PT1M</RunTime>
      </JourneyPatternTimingLink>
      <JourneyPatternTimingLink id="jptl_4">
        <From SequenceNumber="4">
          <StopPointRef>1590014701</StopPointRef>
          <TimingStatus>otherPoint</TimingStatus>
        </From>
        <To SequenceNumber="5">
          <StopPointRef>1590015001</StopPointRef>
          <TimingStatus>otherPoint</TimingStatus>
        </To>
        <RouteLinkRef>rl_0000_4</RouteLinkRef>
        <RunTime>PT1M</RunTime>
      </JourneyPatternTimingLink>
      <JourneyPatternTimingLink id="jptl_5">
        <From SequenceNumber="5">
          <StopPointRef>1590015001</StopPointRef>
          <TimingStatus>otherPoint</TimingStatus>
        </From>
        <To SequenceNumber="6">
          <StopPointRef>1590015201</StopPointRef>
          <TimingStatus>otherPoint</TimingStatus>
        </To>
        <RouteLinkRef>rl_0000_5</RouteLinkRef>
        <RunTime>PT2M</RunTime>
      </JourneyPatternTimingLink>
      <JourneyPatternTimingLink id="jptl_6">
        <From SequenceNumber="6">
          <StopPointRef>1590015201</StopPointRef>
          <TimingStatus>otherPoint</TimingStatus>
        </From>
        <To SequenceNumber="7">
          <StopPointRef>1590015401</StopPointRef>
          <TimingStatus>otherPoint</TimingStatus>
        </To>
        <RouteLinkRef>rl_0000_6</RouteLinkRef>
        <RunTime>PT2M</RunTime>
      </JourneyPatternTimingLink>
      <JourneyPatternTimingLink id="jptl_7">
        <From SequenceNumber="7">
          <StopPointRef>1590015401</StopPointRef>
          <TimingStatus>otherPoint</TimingStatus>
        </From>
        <To SequenceNumber="8">
          <StopPointRef>1590705219</StopPointRef>
          <TimingStatus>otherPoint</TimingStatus>
        </To>
        <RouteLinkRef>rl_0000_7</RouteLinkRef>
        <RunTime>PT2M</RunTime>
      </JourneyPatternTimingLink>
      <JourneyPatternTimingLink id="jptl_8">
        <From SequenceNumber="8">
          <StopPointRef>1590705219</StopPointRef>
          <TimingStatus>otherPoint</TimingStatus>
        </From>
        <To SequenceNumber="9">
          <StopPointRef>15906049</StopPointRef>
          <TimingStatus>principalTimingPoint</TimingStatus>
        </To>
        <RouteLinkRef>rl_0000_8</RouteLinkRef>
        <RunTime>PT2M</RunTime>
      </JourneyPatternTimingLink>
      <JourneyPatternTimingLink id="jptl_9">
        <From SequenceNumber="9">
          <StopPointRef>15906049</StopPointRef>
          <TimingStatus>principalTimingPoint</TimingStatus>
        </From>
        <To SequenceNumber="10">
          <StopPointRef>1590700101</StopPointRef>
          <TimingStatus>otherPoint</TimingStatus>
        </To>
        <RouteLinkRef>rl_0000_9</RouteLinkRef>
        <RunTime>PT3M</RunTime>
      </JourneyPatternTimingLink>
      <JourneyPatternTimingLink id="jptl_10">
        <From SequenceNumber="10">
          <StopPointRef>1590700101</StopPointRef>
          <TimingStatus>otherPoint</TimingStatus>
        </From>
        <To SequenceNumber="11">
          <StopPointRef>1590019201</StopPointRef>
          <TimingStatus>otherPoint</TimingStatus>
        </To>
        <RouteLinkRef>rl_0000_10</RouteLinkRef>
        <RunTime>PT1M</RunTime>
      </JourneyPatternTimingLink>
      <JourneyPatternTimingLink id="jptl_11">
        <From SequenceNumber="11">
          <StopPointRef>1590019201</StopPointRef>
          <TimingStatus>otherPoint</TimingStatus>
        </From>
        <To SequenceNumber="12">
          <StopPointRef>1590019501</StopPointRef>
          <TimingStatus>otherPoint</TimingStatus>
        </To>
        <RouteLinkRef>rl_0000_11</RouteLinkRef>
        <RunTime>PT1M</RunTime>
      </JourneyPatternTimingLink>
      <JourneyPatternTimingLink id="jptl_12">
        <From SequenceNumber="12">
          <StopPointRef>1590019501</StopPointRef>
          <TimingStatus>otherPoint</TimingStatus>
        </From>
        <To SequenceNumber="13">
          <StopPointRef>1590019701</StopPointRef>
          <TimingStatus>otherPoint</TimingStatus>
        </To>
        <RouteLinkRef>rl_0000_12</RouteLinkRef>
        <RunTime>PT2M</RunTime>
      </JourneyPatternTimingLink>
      <JourneyPatternTimingLink id="jptl_13">
        <From SequenceNumber="13">
          <StopPointRef>1590019701</StopPointRef>
          <TimingStatus>otherPoint</TimingStatus>
        </From>
        <To SequenceNumber="14">
          <StopPointRef>1590022801</StopPointRef>
          <TimingStatus>otherPoint</TimingStatus>
        </To>
        <RouteLinkRef>rl_0000_13</RouteLinkRef>
        <RunTime>PT0S</RunTime>
      </JourneyPatternTimingLink>
      <JourneyPatternTimingLink id="jptl_14">
        <From SequenceNumber="14">
          <StopPointRef>1590022801</StopPointRef>
          <TimingStatus>otherPoint</TimingStatus>
        </From>
        <To SequenceNumber="15">
          <StopPointRef>1590023001</StopPointRef>
          <TimingStatus>otherPoint</TimingStatus>
        </To>
        <RouteLinkRef>rl_0000_14</RouteLinkRef>
        <RunTime>PT1M</RunTime>
      </JourneyPatternTimingLink>
      <JourneyPatternTimingLink id="jptl_15">
        <From SequenceNumber="15">
          <StopPointRef>1590023001</StopPointRef>
          <TimingStatus>otherPoint</TimingStatus>
        </From>
        <To SequenceNumber="16">
          <StopPointRef>1590023101</StopPointRef>
          <TimingStatus>principalTimingPoint</TimingStatus>
        </To>
        <RouteLinkRef>rl_0000_15</RouteLinkRef>
        <RunTime>PT1M</RunTime>
      </JourneyPatternTimingLink>
      <JourneyPatternTimingLink id="jptl_16">
        <From SequenceNumber="16">
          <StopPointRef>1590023101</StopPointRef>
          <TimingStatus>principalTimingPoint</TimingStatus>
        </From>
        <To SequenceNumber="17">
          <StopPointRef>1590042601</StopPointRef>
          <TimingStatus>otherPoint</TimingStatus>
        </To>
        <RouteLinkRef>rl_0000_16</RouteLinkRef>
        <RunTime>PT2M</RunTime>
      </JourneyPatternTimingLink>
      <JourneyPatternTimingLink id="jptl_17">
        <From SequenceNumber="17">
          <StopPointRef>1590042601</StopPointRef>
          <TimingStatus>otherPoint</TimingStatus>
        </From>
        <To SequenceNumber="18">
          <StopPointRef>1590025501</StopPointRef>
          <TimingStatus>otherPoint</TimingStatus>
        </To>
        <RouteLinkRef>rl_0000_17</RouteLinkRef>
        <RunTime>PT1M</RunTime>
      </JourneyPatternTimingLink>
      <JourneyPatternTimingLink id="jptl_18">
        <From SequenceNumber="18">
          <StopPointRef>1590025501</StopPointRef>
          <TimingStatus>otherPoint</TimingStatus>
        </From>
        <To SequenceNumber="19">
          <StopPointRef>1590025301</StopPointRef>
          <TimingStatus>principalTimingPoint</TimingStatus>
        </To>
        <RouteLinkRef>rl_0000_18</RouteLinkRef>
        <RunTime>PT1M</RunTime>
      </JourneyPatternTimingLink>
      <JourneyPatternTimingLink id="jptl_19">
        <From SequenceNumber="19">
          <StopPointRef>1590025301</StopPointRef>
          <TimingStatus>principalTimingPoint</TimingStatus>
        </From>
        <To SequenceNumber="20">
          <StopPointRef>1590042701</StopPointRef>
          <TimingStatus>otherPoint</TimingStatus>
        </To>
        <RouteLinkRef>rl_0000_19</RouteLinkRef>
        <RunTime>PT2M</RunTime>
      </JourneyPatternTimingLink>
      <JourneyPatternTimingLink id="jptl_20">
        <From SequenceNumber="20">
          <StopPointRef>1590042701</StopPointRef>
          <TimingStatus>otherPoint</TimingStatus>
        </From>
        <To SequenceNumber="21">
          <StopPointRef>1590029401</StopPointRef>
          <TimingStatus>otherPoint</TimingStatus>
        </To>
        <RouteLinkRef>rl_0000_20</RouteLinkRef>
        <RunTime>PT1M</RunTime>
      </JourneyPatternTimingLink>
      <JourneyPatternTimingLink id="jptl_21">
        <From SequenceNumber="21">
          <StopPointRef>1590029401</StopPointRef>
          <TimingStatus>otherPoint</TimingStatus>
        </From>
        <To SequenceNumber="22">
          <StopPointRef>1590029701</StopPointRef>
          <TimingStatus>principalTimingPoint</TimingStatus>
        </To>
        <RouteLinkRef>rl_0000_21</RouteLinkRef>
        <RunTime>PT1M</RunTime>
      </JourneyPatternTimingLink>
      <JourneyPatternTimingLink id="jptl_22">
        <From SequenceNumber="22">
          <StopPointRef>1590029701</StopPointRef>
          <TimingStatus>principalTimingPoint</TimingStatus>
        </From>
        <To SequenceNumber="23">
          <StopPointRef>1590029801</StopPointRef>
          <TimingStatus>otherPoint</TimingStatus>
        </To>
        <RouteLinkRef>rl_0000_22</RouteLinkRef>
        <RunTime>PT1M</RunTime>
      </JourneyPatternTimingLink>
      <JourneyPatternTimingLink id="jptl_23">
        <From SequenceNumber="23">
          <StopPointRef>1590029801</StopPointRef>
          <TimingStatus>otherPoint</TimingStatus>
        </From>
        <To SequenceNumber="24">
          <StopPointRef>1590029901</StopPointRef>
          <TimingStatus>principalTimingPoint</TimingStatus>
        </To>
        <RouteLinkRef>rl_0000_23</RouteLinkRef>
        <RunTime>PT1M</RunTime>
      </JourneyPatternTimingLink>
      <JourneyPatternTimingLink id="jptl_24">
        <From SequenceNumber="24">
          <StopPointRef>1590029901</StopPointRef>
          <TimingStatus>principalTimingPoint</TimingStatus>
        </From>
        <To SequenceNumber="25">
          <StopPointRef>1590030001</StopPointRef>
          <TimingStatus>otherPoint</TimingStatus>
        </To>
        <RouteLinkRef>rl_0000_24</RouteLinkRef>
        <RunTime>PT1M</RunTime>
      </JourneyPatternTimingLink>
      <JourneyPatternTimingLink id="jptl_25">
        <From SequenceNumber="25">
          <StopPointRef>1590030001</StopPointRef>
          <TimingStatus>otherPoint</TimingStatus>
        </From>
        <To SequenceNumber="26">
          <StopPointRef>1590032301</StopPointRef>
          <TimingStatus>otherPoint</TimingStatus>
        </To>
        <RouteLinkRef>rl_0000_25</RouteLinkRef>
        <RunTime>PT1M</RunTime>
      </JourneyPatternTimingLink>
      <JourneyPatternTimingLink id="jptl_26">
        <From SequenceNumber="26">
          <StopPointRef>1590032301</StopPointRef>
          <TimingStatus>otherPoint</TimingStatus>
        </From>
        <To SequenceNumber="27">
          <StopPointRef>1590032501</StopPointRef>
          <TimingStatus>otherPoint</TimingStatus>
        </To>
        <RouteLinkRef>rl_0000_26</RouteLinkRef>
        <RunTime>PT1M</RunTime>
      </JourneyPatternTimingLink>
      <JourneyPatternTimingLink id="jptl_27">
        <From SequenceNumber="27">
          <StopPointRef>1590032501</StopPointRef>
          <TimingStatus>otherPoint</TimingStatus>
        </From>
        <To SequenceNumber="28">
          <StopPointRef>1590032701</StopPointRef>
          <TimingStatus>otherPoint</TimingStatus>
        </To>
        <RouteLinkRef>rl_0000_27</RouteLinkRef>
        <RunTime>PT0S</RunTime>
      </JourneyPatternTimingLink>
      <JourneyPatternTimingLink id="jptl_28">
        <From SequenceNumber="28">
          <StopPointRef>1590032701</StopPointRef>
          <TimingStatus>otherPoint</TimingStatus>
        </From>
        <To SequenceNumber="29">
          <Activity>setDown</Activity>
          <StopPointRef>1590032801</StopPointRef>
          <TimingStatus>principalTimingPoint</TimingStatus>
        </To>
        <RouteLinkRef>rl_0000_28</RouteLinkRef>
        <RunTime>PT1M</RunTime>
      </JourneyPatternTimingLink>
    </JourneyPatternSection>
    <JourneyPatternSection id="js_2">
      <JourneyPatternTimingLink id="jptl_29">
        <From SequenceNumber="1">
          <Activity>pickUp</Activity>
          <StopPointRef>1590032801</StopPointRef>
          <TimingStatus>principalTimingPoint</TimingStatus>
        </From>
        <To SequenceNumber="2">
          <StopPointRef>1590033001</StopPointRef>
          <TimingStatus>otherPoint</TimingStatus>
        </To>
        <RouteLinkRef>rl_0001_1</RouteLinkRef>
        <RunTime>PT1M</RunTime>
      </JourneyPatternTimingLink>
      <JourneyPatternTimingLink id="jptl_30">
        <From SequenceNumber="2">
          <StopPointRef>1590033001</StopPointRef>
          <TimingStatus>otherPoint</TimingStatus>
        </From>
        <To SequenceNumber="3">
          <StopPointRef>1590033301</StopPointRef>
          <TimingStatus>otherPoint</TimingStatus>
        </To>
        <RouteLinkRef>rl_0001_2</RouteLinkRef>
        <RunTime>PT2M</RunTime>
      </JourneyPatternTimingLink>
      <JourneyPatternTimingLink id="jptl_31">
        <From SequenceNumber="3">
          <StopPointRef>1590033301</StopPointRef>
          <TimingStatus>otherPoint</TimingStatus>
        </From>
        <To SequenceNumber="4">
          <StopPointRef>1590033501</StopPointRef>
          <TimingStatus>otherPoint</TimingStatus>
        </To>
        <RouteLinkRef>rl_0001_3</RouteLinkRef>
        <RunTime>PT1M</RunTime>
      </JourneyPatternTimingLink>
      <JourneyPatternTimingLink id="jptl_32">
        <From SequenceNumber="4">
          <StopPointRef>1590033501</StopPointRef>
          <TimingStatus>otherPoint</TimingStatus>
        </From>
        <To SequenceNumber="5">
          <StopPointRef>1590033701</StopPointRef>
          <TimingStatus>otherPoint</TimingStatus>
        </To>
        <RouteLinkRef>rl_0001_4</RouteLinkRef>
        <RunTime>PT1M</RunTime>
      </JourneyPatternTimingLink>
      <JourneyPatternTimingLink id="jptl_33">
        <From SequenceNumber="5">
          <StopPointRef>1590033701</StopPointRef>
          <TimingStatus>otherPoint</TimingStatus>
        </From>
        <To SequenceNumber="6">
          <StopPointRef>1590033801</StopPointRef>
          <TimingStatus>otherPoint</TimingStatus>
        </To>
        <RouteLinkRef>rl_0001_5</RouteLinkRef>
        <RunTime>PT2M</RunTime>
      </JourneyPatternTimingLink>
      <JourneyPatternTimingLink id="jptl_34">
        <From SequenceNumber="6">
          <StopPointRef>1590033801</StopPointRef>
          <TimingStatus>otherPoint</TimingStatus>
        </From>
        <To SequenceNumber="7">
          <StopPointRef>1590034001</StopPointRef>
          <TimingStatus>otherPoint</TimingStatus>
        </To>
        <RouteLinkRef>rl_0001_6</RouteLinkRef>
        <RunTime>PT0S</RunTime>
      </JourneyPatternTimingLink>
      <JourneyPatternTimingLink id="jptl_35">
        <From SequenceNumber="7">
          <StopPointRef>1590034001</StopPointRef>
          <TimingStatus>otherPoint</TimingStatus>
        </From>
        <To SequenceNumber="8">
          <StopPointRef>1590029601</StopPointRef>
          <TimingStatus>principalTimingPoint</TimingStatus>
        </To>
        <RouteLinkRef>rl_0001_7</RouteLinkRef>
        <RunTime>PT2M</RunTime>
      </JourneyPatternTimingLink>
      <JourneyPatternTimingLink id="jptl_36">
        <From SequenceNumber="8">
          <StopPointRef>1590029601</StopPointRef>
          <TimingStatus>principalTimingPoint</TimingStatus>
        </From>
        <To SequenceNumber="9">
          <StopPointRef>1590029501</StopPointRef>
          <TimingStatus>otherPoint</TimingStatus>
        </To>
        <RouteLinkRef>rl_0001_8</RouteLinkRef>
        <RunTime>PT1M</RunTime>
      </JourneyPatternTimingLink>
      <JourneyPatternTimingLink id="jptl_37">
        <From SequenceNumber="9">
          <StopPointRef>1590029501</StopPointRef>
          <TimingStatus>otherPoint</TimingStatus>
        </From>
        <To SequenceNumber="10">
          <StopPointRef>1590046801</StopPointRef>
          <TimingStatus>otherPoint</TimingStatus>
        </To>
        <RouteLinkRef>rl_0001_9</RouteLinkRef>
        <RunTime>PT1M</RunTime>
      </JourneyPatternTimingLink>
      <JourneyPatternTimingLink id="jptl_38">
        <From SequenceNumber="10">
          <StopPointRef>1590046801</StopPointRef>
          <TimingStatus>otherPoint</TimingStatus>
        </From>
        <To SequenceNumber="11">
          <StopPointRef>1590025101</StopPointRef>
          <TimingStatus>principalTimingPoint</TimingStatus>
        </To>
        <RouteLinkRef>rl_0001_10</RouteLinkRef>
        <RunTime>PT2M</RunTime>
      </JourneyPatternTimingLink>
      <JourneyPatternTimingLink id="jptl_39">
        <From SequenceNumber="11">
          <StopPointRef>1590025101</StopPointRef>
          <TimingStatus>principalTimingPoint</TimingStatus>
        </From>
        <To SequenceNumber="12">
          <StopPointRef>15907075121</StopPointRef>
          <TimingStatus>otherPoint</TimingStatus>
        </To>
        <RouteLinkRef>rl_0001_11</RouteLinkRef>
        <RunTime>PT2M</RunTime>
      </JourneyPatternTimingLink>
      <JourneyPatternTimingLink id="jptl_40">
        <From SequenceNumber="12">
          <StopPointRef>15907075121</StopPointRef>
          <TimingStatus>otherPoint</TimingStatus>
        </From>
        <To SequenceNumber="13">
          <StopPointRef>1590023201</StopPointRef>
          <TimingStatus>principalTimingPoint</TimingStatus>
        </To>
        <RouteLinkRef>rl_0001_12</RouteLinkRef>
        <RunTime>PT1M</RunTime>
      </JourneyPatternTimingLink>
      <JourneyPatternTimingLink id="jptl_41">
        <From SequenceNumber="13">
          <StopPointRef>1590023201</StopPointRef>
          <TimingStatus>principalTimingPoint</TimingStatus>
        </From>
        <To SequenceNumber="14">
          <StopPointRef>1590022901</StopPointRef>
          <TimingStatus>otherPoint</TimingStatus>
        </To>
        <RouteLinkRef>rl_0001_13</RouteLinkRef>
        <RunTime>PT1M</RunTime>
      </JourneyPatternTimingLink>
      <JourneyPatternTimingLink id="jptl_42">
        <From SequenceNumber="14">
          <StopPointRef>1590022901</StopPointRef>
          <TimingStatus>otherPoint</TimingStatus>
        </From>
        <To SequenceNumber="15">
          <StopPointRef>1590019601</StopPointRef>
          <TimingStatus>otherPoint</TimingStatus>
        </To>
        <RouteLinkRef>rl_0001_14</RouteLinkRef>
        <RunTime>PT1M</RunTime>
      </JourneyPatternTimingLink>
      <JourneyPatternTimingLink id="jptl_43">
        <From SequenceNumber="15">
          <StopPointRef>1590019601</StopPointRef>
          <TimingStatus>otherPoint</TimingStatus>
        </From>
        <To SequenceNumber="16">
          <StopPointRef>1590019401</StopPointRef>
          <TimingStatus>otherPoint</TimingStatus>
        </To>
        <RouteLinkRef>rl_0001_15</RouteLinkRef>
        <RunTime>PT2M</RunTime>
      </JourneyPatternTimingLink>
      <JourneyPatternTimingLink id="jptl_44">
        <From SequenceNumber="16">
          <StopPointRef>1590019401</StopPointRef>
          <TimingStatus>otherPoint</TimingStatus>
        </From>
        <To SequenceNumber="17">
          <StopPointRef>1590019301</StopPointRef>
          <TimingStatus>otherPoint</TimingStatus>
        </To>
        <RouteLinkRef>rl_0001_16</RouteLinkRef>
        <RunTime>PT1M</RunTime>
      </JourneyPatternTimingLink>
      <JourneyPatternTimingLink id="jptl_45">
        <From SequenceNumber="17">
          <StopPointRef>1590019301</StopPointRef>
          <TimingStatus>otherPoint</TimingStatus>
        </From>
        <To SequenceNumber="18">
          <StopPointRef>1590017601</StopPointRef>
          <TimingStatus>otherPoint</TimingStatus>
        </To>
        <RouteLinkRef>rl_0001_17</RouteLinkRef>
        <RunTime>PT2M</RunTime>
      </JourneyPatternTimingLink>
      <JourneyPatternTimingLink id="jptl_46">
        <From SequenceNumber="18">
          <StopPointRef>1590017601</StopPointRef>
          <TimingStatus>otherPoint</TimingStatus>
        </From>
        <To SequenceNumber="19">
          <StopPointRef>1590060001</StopPointRef>
          <TimingStatus>principalTimingPoint</TimingStatus>
        </To>
        <RouteLinkRef>rl_0001_18</RouteLinkRef>
        <RunTime>PT2M</RunTime>
      </JourneyPatternTimingLink>
      <JourneyPatternTimingLink id="jptl_47">
        <From SequenceNumber="19">
          <StopPointRef>1590060001</StopPointRef>
          <TimingStatus>principalTimingPoint</TimingStatus>
        </From>
        <To SequenceNumber="20">
          <StopPointRef>1590015701</StopPointRef>
          <TimingStatus>otherPoint</TimingStatus>
        </To>
        <RouteLinkRef>rl_0001_19</RouteLinkRef>
        <RunTime>PT1M</RunTime>
      </JourneyPatternTimingLink>
      <JourneyPatternTimingLink id="jptl_48">
        <From SequenceNumber="20">
          <StopPointRef>1590015701</StopPointRef>
          <TimingStatus>otherPoint</TimingStatus>
        </From>
        <To SequenceNumber="21">
          <StopPointRef>1590015501</StopPointRef>
          <TimingStatus>otherPoint</TimingStatus>
        </To>
        <RouteLinkRef>rl_0001_20</RouteLinkRef>
        <RunTime>PT1M</RunTime>
      </JourneyPatternTimingLink>
      <JourneyPatternTimingLink id="jptl_49">
        <From SequenceNumber="21">
          <StopPointRef>1590015501</StopPointRef>
          <TimingStatus>otherPoint</TimingStatus>
        </From>
        <To SequenceNumber="22">
          <StopPointRef>1590015301</StopPointRef>
          <TimingStatus>otherPoint</TimingStatus>
        </To>
        <RouteLinkRef>rl_0001_21</RouteLinkRef>
        <RunTime>PT1M</RunTime>
      </JourneyPatternTimingLink>
      <JourneyPatternTimingLink id="jptl_50">
        <From SequenceNumber="22">
          <StopPointRef>1590015301</StopPointRef>
          <TimingStatus>otherPoint</TimingStatus>
        </From>
        <To SequenceNumber="23">
          <StopPointRef>1590015101</StopPointRef>
          <TimingStatus>otherPoint</TimingStatus>
        </To>
        <RouteLinkRef>rl_0001_22</RouteLinkRef>
        <RunTime>PT2M</RunTime>
      </JourneyPatternTimingLink>
      <JourneyPatternTimingLink id="jptl_51">
        <From SequenceNumber="23">
          <StopPointRef>1590015101</StopPointRef>
          <TimingStatus>otherPoint</TimingStatus>
        </From>
        <To SequenceNumber="24">
          <StopPointRef>1590014801</StopPointRef>
          <TimingStatus>otherPoint</TimingStatus>
        </To>
        <RouteLinkRef>rl_0001_23</RouteLinkRef>
        <RunTime>PT1M</RunTime>
      </JourneyPatternTimingLink>
      <JourneyPatternTimingLink id="jptl_52">
        <From SequenceNumber="24">
          <StopPointRef>1590014801</StopPointRef>
          <TimingStatus>otherPoint</TimingStatus>
        </From>
        <To SequenceNumber="25">
          <StopPointRef>1590014501</StopPointRef>
          <TimingStatus>principalTimingPoint</TimingStatus>
        </To>
        <RouteLinkRef>rl_0001_24</RouteLinkRef>
        <RunTime>PT1M</RunTime>
      </JourneyPatternTimingLink>
      <JourneyPatternTimingLink id="jptl_53">
        <From SequenceNumber="25">
          <StopPointRef>1590014501</StopPointRef>
          <TimingStatus>principalTimingPoint</TimingStatus>
        </From>
        <To SequenceNumber="26">
          <StopPointRef>1590013901</StopPointRef>
          <TimingStatus>otherPoint</TimingStatus>
        </To>
        <RouteLinkRef>rl_0001_25</RouteLinkRef>
        <RunTime>PT1M</RunTime>
      </JourneyPatternTimingLink>
      <JourneyPatternTimingLink id="jptl_54">
        <From SequenceNumber="26">
          <StopPointRef>1590013901</StopPointRef>
          <TimingStatus>otherPoint</TimingStatus>
        </From>
        <To SequenceNumber="27">
          <StopPointRef>1590700301</StopPointRef>
          <TimingStatus>otherPoint</TimingStatus>
        </To>
        <RouteLinkRef>rl_0001_26</RouteLinkRef>
        <RunTime>PT0S</RunTime>
      </JourneyPatternTimingLink>
      <JourneyPatternTimingLink id="jptl_55">
        <From SequenceNumber="27">
          <StopPointRef>1590700301</StopPointRef>
          <TimingStatus>otherPoint</TimingStatus>
        </From>
        <To SequenceNumber="28">
          <Activity>setDown</Activity>
          <StopPointRef>1590060106</StopPointRef>
          <TimingStatus>principalTimingPoint</TimingStatus>
        </To>
        <RouteLinkRef>rl_0001_27</RouteLinkRef>
        <RunTime>PT4M</RunTime>
      </JourneyPatternTimingLink>
    </JourneyPatternSection>
  </JourneyPatternSections>
  <Operators>
    <Operator id="tkt_oid">
      <NationalOperatorCode>ENSB</NationalOperatorCode>
      <OperatorCode>ENS</OperatorCode>
      <OperatorShortName>Ensignbus</OperatorShortName>
      <LicenceNumber>PF0001961</LicenceNumber>
    </Operator>
  </Operators>
  <Services>
    <Service>
      <ServiceCode>PF0001961:21</ServiceCode>
      <Lines>
        <Line id="ENSB:PF0001961:21:83">
          <LineName>83</LineName>
          <OutboundDescription>
            <Description>Lakeside to Chadwell St Mary</Description>
          </OutboundDescription>
          <InboundDescription>
            <Description>Chadwell St Mary to Lakeside</Description>
          </InboundDescription>
        </Line>
      </Lines>
      <OperatingPeriod>
        <StartDate>2025-12-27</StartDate>
        <EndDate>2026-03-21</EndDate>
      </OperatingPeriod>
      <OperatingProfile>
        <RegularDayType>
          <DaysOfWeek>
            <Saturday />
          </DaysOfWeek>
        </RegularDayType>
        <BankHolidayOperation>
          <DaysOfNonOperation>
            <ChristmasDay />
            <BoxingDay />
            <GoodFriday />
            <NewYearsDay />
            <LateSummerBankHolidayNotScotland />
            <MayDay />
            <EasterMonday />
            <SpringBank />
            <ChristmasDayHoliday />
            <BoxingDayHoliday />
            <NewYearsDayHoliday />
            <ChristmasEve />
            <NewYearsEve />
          </DaysOfNonOperation>
        </BankHolidayOperation>
      </OperatingProfile>
      <RegisteredOperatorRef>tkt_oid</RegisteredOperatorRef>
      <PublicUse>true</PublicUse>
      <StandardService>
        <Origin>Lakeside</Origin>
        <Destination>Chadwell St Mary</Destination>
        <JourneyPattern id="jp_1">
          <DestinationDisplay>Sleepers Farm Road</DestinationDisplay>
          <OperatorRef>tkt_oid</OperatorRef>
          <Direction>outbound</Direction>
          <RouteRef>rt_0000</RouteRef>
          <JourneyPatternSectionRefs>js_1</JourneyPatternSectionRefs>
        </JourneyPattern>
        <JourneyPattern id="jp_2">
          <DestinationDisplay>Lakeside Bus Station, F</DestinationDisplay>
          <OperatorRef>tkt_oid</OperatorRef>
          <Direction>inbound</Direction>
          <RouteRef>rt_0001</RouteRef>
          <JourneyPatternSectionRefs>js_2</JourneyPatternSectionRefs>
        </JourneyPattern>
      </StandardService>
    </Service>
  </Services>
  <VehicleJourneys>
    <VehicleJourney>
      <OperatorRef>tkt_oid</OperatorRef>
      <Operational>
        <TicketMachine>
          <JourneyCode>101</JourneyCode>
        </TicketMachine>
      </Operational>
      <VehicleJourneyCode>vj_1</VehicleJourneyCode>
      <ServiceRef>PF0001961:21</ServiceRef>
      <LineRef>ENSB:PF0001961:21:83</LineRef>
      <JourneyPatternRef>jp_1</JourneyPatternRef>
      <DepartureTime>06:35:00</DepartureTime>
    </VehicleJourney>
    <VehicleJourney>
      <OperatorRef>tkt_oid</OperatorRef>
      <Operational>
        <TicketMachine>
          <JourneyCode>103</JourneyCode>
        </TicketMachine>
      </Operational>
      <VehicleJourneyCode>vj_2</VehicleJourneyCode>
      <ServiceRef>PF0001961:21</ServiceRef>
      <LineRef>ENSB:PF0001961:21:83</LineRef>
      <JourneyPatternRef>jp_1</JourneyPatternRef>
      <DepartureTime>07:05:00</DepartureTime>
    </VehicleJourney>
    <VehicleJourney>
      <OperatorRef>tkt_oid</OperatorRef>
      <Operational>
        <TicketMachine>
          <JourneyCode>105</JourneyCode>
        </TicketMachine>
      </Operational>
      <VehicleJourneyCode>vj_3</VehicleJourneyCode>
      <ServiceRef>PF0001961:21</ServiceRef>
      <LineRef>ENSB:PF0001961:21:83</LineRef>
      <JourneyPatternRef>jp_1</JourneyPatternRef>
      <DepartureTime>07:35:00</DepartureTime>
    </VehicleJourney>
    <VehicleJourney>
      <OperatorRef>tkt_oid</OperatorRef>
      <Operational>
        <TicketMachine>
          <JourneyCode>107</JourneyCode>
        </TicketMachine>
      </Operational>
      <VehicleJourneyCode>vj_4</VehicleJourneyCode>
      <ServiceRef>PF0001961:21</ServiceRef>
      <LineRef>ENSB:PF0001961:21:83</LineRef>
      <JourneyPatternRef>jp_1</JourneyPatternRef>
      <DepartureTime>08:05:00</DepartureTime>
    </VehicleJourney>
    <VehicleJourney>
      <OperatorRef>tkt_oid</OperatorRef>
      <Operational>
        <TicketMachine>
          <JourneyCode>109</JourneyCode>
        </TicketMachine>
      </Operational>
      <VehicleJourneyCode>vj_5</VehicleJourneyCode>
      <ServiceRef>PF0001961:21</ServiceRef>
      <LineRef>ENSB:PF0001961:21:83</LineRef>
      <JourneyPatternRef>jp_1</JourneyPatternRef>
      <DepartureTime>08:35:00</DepartureTime>
    </VehicleJourney>
    <VehicleJourney>
      <OperatorRef>tkt_oid</OperatorRef>
      <Operational>
        <TicketMachine>
          <JourneyCode>111</JourneyCode>
        </TicketMachine>
      </Operational>
      <VehicleJourneyCode>vj_6</VehicleJourneyCode>
      <ServiceRef>PF0001961:21</ServiceRef>
      <LineRef>ENSB:PF0001961:21:83</LineRef>
      <JourneyPatternRef>jp_1</JourneyPatternRef>
      <DepartureTime>09:05:00</DepartureTime>
    </VehicleJourney>
    <VehicleJourney>
      <OperatorRef>tkt_oid</OperatorRef>
      <Operational>
        <TicketMachine>
          <JourneyCode>113</JourneyCode>
        </TicketMachine>
      </Operational>
      <VehicleJourneyCode>vj_7</VehicleJourneyCode>
      <ServiceRef>PF0001961:21</ServiceRef>
      <LineRef>ENSB:PF0001961:21:83</LineRef>
      <JourneyPatternRef>jp_1</JourneyPatternRef>
      <DepartureTime>09:35:00</DepartureTime>
    </VehicleJourney>
    <VehicleJourney>
      <OperatorRef>tkt_oid</OperatorRef>
      <Operational>
        <TicketMachine>
          <JourneyCode>115</JourneyCode>
        </TicketMachine>
      </Operational>
      <VehicleJourneyCode>vj_8</VehicleJourneyCode>
      <ServiceRef>PF0001961:21</ServiceRef>
      <LineRef>ENSB:PF0001961:21:83</LineRef>
      <JourneyPatternRef>jp_1</JourneyPatternRef>
      <DepartureTime>10:05:00</DepartureTime>
    </VehicleJourney>
    <VehicleJourney>
      <OperatorRef>tkt_oid</OperatorRef>
      <Operational>
        <TicketMachine>
          <JourneyCode>117</JourneyCode>
        </TicketMachine>
      </Operational>
      <VehicleJourneyCode>vj_9</VehicleJourneyCode>
      <ServiceRef>PF0001961:21</ServiceRef>
      <LineRef>ENSB:PF0001961:21:83</LineRef>
      <JourneyPatternRef>jp_1</JourneyPatternRef>
      <DepartureTime>10:35:00</DepartureTime>
    </VehicleJourney>
    <VehicleJourney>
      <OperatorRef>tkt_oid</OperatorRef>
      <Operational>
        <TicketMachine>
          <JourneyCode>119</JourneyCode>
        </TicketMachine>
      </Operational>
      <VehicleJourneyCode>vj_10</VehicleJourneyCode>
      <ServiceRef>PF0001961:21</ServiceRef>
      <LineRef>ENSB:PF0001961:21:83</LineRef>
      <JourneyPatternRef>jp_1</JourneyPatternRef>
      <DepartureTime>11:05:00</DepartureTime>
    </VehicleJourney>
    <VehicleJourney>
      <OperatorRef>tkt_oid</OperatorRef>
      <Operational>
        <TicketMachine>
          <JourneyCode>121</JourneyCode>
        </TicketMachine>
      </Operational>
      <VehicleJourneyCode>vj_11</VehicleJourneyCode>
      <ServiceRef>PF0001961:21</ServiceRef>
      <LineRef>ENSB:PF0001961:21:83</LineRef>
      <JourneyPatternRef>jp_1</JourneyPatternRef>
      <DepartureTime>11:35:00</DepartureTime>
    </VehicleJourney>
    <VehicleJourney>
      <OperatorRef>tkt_oid</OperatorRef>
      <Operational>
        <TicketMachine>
          <JourneyCode>123</JourneyCode>
        </TicketMachine>
      </Operational>
      <VehicleJourneyCode>vj_12</VehicleJourneyCode>
      <ServiceRef>PF0001961:21</ServiceRef>
      <LineRef>ENSB:PF0001961:21:83</LineRef>
      <JourneyPatternRef>jp_1</JourneyPatternRef>
      <DepartureTime>12:05:00</DepartureTime>
    </VehicleJourney>
    <VehicleJourney>
      <OperatorRef>tkt_oid</OperatorRef>
      <Operational>
        <TicketMachine>
          <JourneyCode>125</JourneyCode>
        </TicketMachine>
      </Operational>
      <VehicleJourneyCode>vj_13</VehicleJourneyCode>
      <ServiceRef>PF0001961:21</ServiceRef>
      <LineRef>ENSB:PF0001961:21:83</LineRef>
      <JourneyPatternRef>jp_1</JourneyPatternRef>
      <DepartureTime>12:35:00</DepartureTime>
    </VehicleJourney>
    <VehicleJourney>
      <OperatorRef>tkt_oid</OperatorRef>
      <Operational>
        <TicketMachine>
          <JourneyCode>127</JourneyCode>
        </TicketMachine>
      </Operational>
      <VehicleJourneyCode>vj_14</VehicleJourneyCode>
      <ServiceRef>PF0001961:21</ServiceRef>
      <LineRef>ENSB:PF0001961:21:83</LineRef>
      <JourneyPatternRef>jp_1</JourneyPatternRef>
      <DepartureTime>13:05:00</DepartureTime>
    </VehicleJourney>
    <VehicleJourney>
      <OperatorRef>tkt_oid</OperatorRef>
      <Operational>
        <TicketMachine>
          <JourneyCode>129</JourneyCode>
        </TicketMachine>
      </Operational>
      <VehicleJourneyCode>vj_15</VehicleJourneyCode>
      <ServiceRef>PF0001961:21</ServiceRef>
      <LineRef>ENSB:PF0001961:21:83</LineRef>
      <JourneyPatternRef>jp_1</JourneyPatternRef>
      <DepartureTime>13:35:00</DepartureTime>
    </VehicleJourney>
    <VehicleJourney>
      <OperatorRef>tkt_oid</OperatorRef>
      <Operational>
        <TicketMachine>
          <JourneyCode>131</JourneyCode>
        </TicketMachine>
      </Operational>
      <VehicleJourneyCode>vj_16</VehicleJourneyCode>
      <ServiceRef>PF0001961:21</ServiceRef>
      <LineRef>ENSB:PF0001961:21:83</LineRef>
      <JourneyPatternRef>jp_1</JourneyPatternRef>
      <DepartureTime>14:05:00</DepartureTime>
    </VehicleJourney>
    <VehicleJourney>
      <OperatorRef>tkt_oid</OperatorRef>
      <Operational>
        <TicketMachine>
          <JourneyCode>133</JourneyCode>
        </TicketMachine>
      </Operational>
      <VehicleJourneyCode>vj_17</VehicleJourneyCode>
      <ServiceRef>PF0001961:21</ServiceRef>
      <LineRef>ENSB:PF0001961:21:83</LineRef>
      <JourneyPatternRef>jp_1</JourneyPatternRef>
      <DepartureTime>14:35:00</DepartureTime>
    </VehicleJourney>
    <VehicleJourney>
      <OperatorRef>tkt_oid</OperatorRef>
      <Operational>
        <TicketMachine>
          <JourneyCode>135</JourneyCode>
        </TicketMachine>
      </Operational>
      <VehicleJourneyCode>vj_18</VehicleJourneyCode>
      <ServiceRef>PF0001961:21</ServiceRef>
      <LineRef>ENSB:PF0001961:21:83</LineRef>
      <JourneyPatternRef>jp_1</JourneyPatternRef>
      <DepartureTime>15:05:00</DepartureTime>
    </VehicleJourney>
    <VehicleJourney>
      <OperatorRef>tkt_oid</OperatorRef>
      <Operational>
        <TicketMachine>
          <JourneyCode>137</JourneyCode>
        </TicketMachine>
      </Operational>
      <VehicleJourneyCode>vj_19</VehicleJourneyCode>
      <ServiceRef>PF0001961:21</ServiceRef>
      <LineRef>ENSB:PF0001961:21:83</LineRef>
      <JourneyPatternRef>jp_1</JourneyPatternRef>
      <DepartureTime>15:35:00</DepartureTime>
    </VehicleJourney>
    <VehicleJourney>
      <OperatorRef>tkt_oid</OperatorRef>
      <Operational>
        <TicketMachine>
          <JourneyCode>139</JourneyCode>
        </TicketMachine>
      </Operational>
      <VehicleJourneyCode>vj_20</VehicleJourneyCode>
      <ServiceRef>PF0001961:21</ServiceRef>
      <LineRef>ENSB:PF0001961:21:83</LineRef>
      <JourneyPatternRef>jp_1</JourneyPatternRef>
      <DepartureTime>16:05:00</DepartureTime>
    </VehicleJourney>
    <VehicleJourney>
      <OperatorRef>tkt_oid</OperatorRef>
      <Operational>
        <TicketMachine>
          <JourneyCode>141</JourneyCode>
        </TicketMachine>
      </Operational>
      <VehicleJourneyCode>vj_21</VehicleJourneyCode>
      <ServiceRef>PF0001961:21</ServiceRef>
      <LineRef>ENSB:PF0001961:21:83</LineRef>
      <JourneyPatternRef>jp_1</JourneyPatternRef>
      <DepartureTime>16:35:00</DepartureTime>
    </VehicleJourney>
    <VehicleJourney>
      <OperatorRef>tkt_oid</OperatorRef>
      <Operational>
        <TicketMachine>
          <JourneyCode>143</JourneyCode>
        </TicketMachine>
      </Operational>
      <VehicleJourneyCode>vj_22</VehicleJourneyCode>
      <ServiceRef>PF0001961:21</ServiceRef>
      <LineRef>ENSB:PF0001961:21:83</LineRef>
      <JourneyPatternRef>jp_1</JourneyPatternRef>
      <DepartureTime>16:59:00</DepartureTime>
    </VehicleJourney>
    <VehicleJourney>
      <OperatorRef>tkt_oid</OperatorRef>
      <Operational>
        <TicketMachine>
          <JourneyCode>145</JourneyCode>
        </TicketMachine>
      </Operational>
      <VehicleJourneyCode>vj_23</VehicleJourneyCode>
      <ServiceRef>PF0001961:21</ServiceRef>
      <LineRef>ENSB:PF0001961:21:83</LineRef>
      <JourneyPatternRef>jp_1</JourneyPatternRef>
      <DepartureTime>17:32:00</DepartureTime>
    </VehicleJourney>
    <VehicleJourney>
      <OperatorRef>tkt_oid</OperatorRef>
      <Operational>
        <TicketMachine>
          <JourneyCode>147</JourneyCode>
        </TicketMachine>
      </Operational>
      <VehicleJourneyCode>vj_24</VehicleJourneyCode>
      <ServiceRef>PF0001961:21</ServiceRef>
      <LineRef>ENSB:PF0001961:21:83</LineRef>
      <JourneyPatternRef>jp_1</JourneyPatternRef>
      <DepartureTime>18:17:00</DepartureTime>
    </VehicleJourney>
    <VehicleJourney>
      <OperatorRef>tkt_oid</OperatorRef>
      <Operational>
        <TicketMachine>
          <JourneyCode>102</JourneyCode>
        </TicketMachine>
      </Operational>
      <VehicleJourneyCode>vj_25</VehicleJourneyCode>
      <ServiceRef>PF0001961:21</ServiceRef>
      <LineRef>ENSB:PF0001961:21:83</LineRef>
      <JourneyPatternRef>jp_2</JourneyPatternRef>
      <DepartureTime>07:17:00</DepartureTime>
    </VehicleJourney>
    <VehicleJourney>
      <OperatorRef>tkt_oid</OperatorRef>
      <Operational>
        <TicketMachine>
          <JourneyCode>104</JourneyCode>
        </TicketMachine>
      </Operational>
      <VehicleJourneyCode>vj_26</VehicleJourneyCode>
      <ServiceRef>PF0001961:21</ServiceRef>
      <LineRef>ENSB:PF0001961:21:83</LineRef>
      <JourneyPatternRef>jp_2</JourneyPatternRef>
      <DepartureTime>07:47:00</DepartureTime>
    </VehicleJourney>
    <VehicleJourney>
      <OperatorRef>tkt_oid</OperatorRef>
      <Operational>
        <TicketMachine>
          <JourneyCode>106</JourneyCode>
        </TicketMachine>
      </Operational>
      <VehicleJourneyCode>vj_27</VehicleJourneyCode>
      <ServiceRef>PF0001961:21</ServiceRef>
      <LineRef>ENSB:PF0001961:21:83</LineRef>
      <JourneyPatternRef>jp_2</JourneyPatternRef>
      <DepartureTime>08:17:00</DepartureTime>
    </VehicleJourney>
    <VehicleJourney>
      <OperatorRef>tkt_oid</OperatorRef>
      <Operational>
        <TicketMachine>
          <JourneyCode>108</JourneyCode>
        </TicketMachine>
      </Operational>
      <VehicleJourneyCode>vj_28</VehicleJourneyCode>
      <ServiceRef>PF0001961:21</ServiceRef>
      <LineRef>ENSB:PF0001961:21:83</LineRef>
      <JourneyPatternRef>jp_2</JourneyPatternRef>
      <DepartureTime>08:47:00</DepartureTime>
    </VehicleJourney>
    <VehicleJourney>
      <OperatorRef>tkt_oid</OperatorRef>
      <Operational>
        <TicketMachine>
          <JourneyCode>110</JourneyCode>
        </TicketMachine>
      </Operational>
      <VehicleJourneyCode>vj_29</VehicleJourneyCode>
      <ServiceRef>PF0001961:21</ServiceRef>
      <LineRef>ENSB:PF0001961:21:83</LineRef>
      <JourneyPatternRef>jp_2</JourneyPatternRef>
      <DepartureTime>09:17:00</DepartureTime>
    </VehicleJourney>
    <VehicleJourney>
      <OperatorRef>tkt_oid</OperatorRef>
      <Operational>
        <TicketMachine>
          <JourneyCode>112</JourneyCode>
        </TicketMachine>
      </Operational>
      <VehicleJourneyCode>vj_30</VehicleJourneyCode>
      <ServiceRef>PF0001961:21</ServiceRef>
      <LineRef>ENSB:PF0001961:21:83</LineRef>
      <JourneyPatternRef>jp_2</JourneyPatternRef>
      <DepartureTime>09:47:00</DepartureTime>
    </VehicleJourney>
    <VehicleJourney>
      <OperatorRef>tkt_oid</OperatorRef>
      <Operational>
        <TicketMachine>
          <JourneyCode>114</JourneyCode>
        </TicketMachine>
      </Operational>
      <VehicleJourneyCode>vj_31</VehicleJourneyCode>
      <ServiceRef>PF0001961:21</ServiceRef>
      <LineRef>ENSB:PF0001961:21:83</LineRef>
      <JourneyPatternRef>jp_2</JourneyPatternRef>
      <DepartureTime>10:17:00</DepartureTime>
    </VehicleJourney>
    <VehicleJourney>
      <OperatorRef>tkt_oid</OperatorRef>
      <Operational>
        <TicketMachine>
          <JourneyCode>116</JourneyCode>
        </TicketMachine>
      </Operational>
      <VehicleJourneyCode>vj_32</VehicleJourneyCode>
      <ServiceRef>PF0001961:21</ServiceRef>
      <LineRef>ENSB:PF0001961:21:83</LineRef>
      <JourneyPatternRef>jp_2</JourneyPatternRef>
      <DepartureTime>10:47:00</DepartureTime>
    </VehicleJourney>
    <VehicleJourney>
      <OperatorRef>tkt_oid</OperatorRef>
      <Operational>
        <TicketMachine>
          <JourneyCode>118</JourneyCode>
        </TicketMachine>
      </Operational>
      <VehicleJourneyCode>vj_33</VehicleJourneyCode>
      <ServiceRef>PF0001961:21</ServiceRef>
      <LineRef>ENSB:PF0001961:21:83</LineRef>
      <JourneyPatternRef>jp_2</JourneyPatternRef>
      <DepartureTime>11:17:00</DepartureTime>
    </VehicleJourney>
    <VehicleJourney>
      <OperatorRef>tkt_oid</OperatorRef>
      <Operational>
        <TicketMachine>
          <JourneyCode>120</JourneyCode>
        </TicketMachine>
      </Operational>
      <VehicleJourneyCode>vj_34</VehicleJourneyCode>
      <ServiceRef>PF0001961:21</ServiceRef>
      <LineRef>ENSB:PF0001961:21:83</LineRef>
      <JourneyPatternRef>jp_2</JourneyPatternRef>
      <DepartureTime>11:47:00</DepartureTime>
    </VehicleJourney>
    <VehicleJourney>
      <OperatorRef>tkt_oid</OperatorRef>
      <Operational>
        <TicketMachine>
          <JourneyCode>122</JourneyCode>
        </TicketMachine>
      </Operational>
      <VehicleJourneyCode>vj_35</VehicleJourneyCode>
      <ServiceRef>PF0001961:21</ServiceRef>
      <LineRef>ENSB:PF0001961:21:83</LineRef>
      <JourneyPatternRef>jp_2</JourneyPatternRef>
      <DepartureTime>12:17:00</DepartureTime>
    </VehicleJourney>
    <VehicleJourney>
      <OperatorRef>tkt_oid</OperatorRef>
      <Operational>
        <TicketMachine>
          <JourneyCode>124</JourneyCode>
        </TicketMachine>
      </Operational>
      <VehicleJourneyCode>vj_36</VehicleJourneyCode>
      <ServiceRef>PF0001961:21</ServiceRef>
      <LineRef>ENSB:PF0001961:21:83</LineRef>
      <JourneyPatternRef>jp_2</JourneyPatternRef>
      <DepartureTime>12:47:00</DepartureTime>
    </VehicleJourney>
    <VehicleJourney>
      <OperatorRef>tkt_oid</OperatorRef>
      <Operational>
        <TicketMachine>
          <JourneyCode>126</JourneyCode>
        </TicketMachine>
      </Operational>
      <VehicleJourneyCode>vj_37</VehicleJourneyCode>
      <ServiceRef>PF0001961:21</ServiceRef>
      <LineRef>ENSB:PF0001961:21:83</LineRef>
      <JourneyPatternRef>jp_2</JourneyPatternRef>
      <DepartureTime>13:17:00</DepartureTime>
    </VehicleJourney>
    <VehicleJourney>
      <OperatorRef>tkt_oid</OperatorRef>
      <Operational>
        <TicketMachine>
          <JourneyCode>128</JourneyCode>
        </TicketMachine>
      </Operational>
      <VehicleJourneyCode>vj_38</VehicleJourneyCode>
      <ServiceRef>PF0001961:21</ServiceRef>
      <LineRef>ENSB:PF0001961:21:83</LineRef>
      <JourneyPatternRef>jp_2</JourneyPatternRef>
      <DepartureTime>13:47:00</DepartureTime>
    </VehicleJourney>
    <VehicleJourney>
      <OperatorRef>tkt_oid</OperatorRef>
      <Operational>
        <TicketMachine>
          <JourneyCode>130</JourneyCode>
        </TicketMachine>
      </Operational>
      <VehicleJourneyCode>vj_39</VehicleJourneyCode>
      <ServiceRef>PF0001961:21</ServiceRef>
      <LineRef>ENSB:PF0001961:21:83</LineRef>
      <JourneyPatternRef>jp_2</JourneyPatternRef>
      <DepartureTime>14:17:00</DepartureTime>
    </VehicleJourney>
    <VehicleJourney>
      <OperatorRef>tkt_oid</OperatorRef>
      <Operational>
        <TicketMachine>
          <JourneyCode>132</JourneyCode>
        </TicketMachine>
      </Operational>
      <VehicleJourneyCode>vj_40</VehicleJourneyCode>
      <ServiceRef>PF0001961:21</ServiceRef>
      <LineRef>ENSB:PF0001961:21:83</LineRef>
      <JourneyPatternRef>jp_2</JourneyPatternRef>
      <DepartureTime>14:47:00</DepartureTime>
    </VehicleJourney>
    <VehicleJourney>
      <OperatorRef>tkt_oid</OperatorRef>
      <Operational>
        <TicketMachine>
          <JourneyCode>134</JourneyCode>
        </TicketMachine>
      </Operational>
      <VehicleJourneyCode>vj_41</VehicleJourneyCode>
      <ServiceRef>PF0001961:21</ServiceRef>
      <LineRef>ENSB:PF0001961:21:83</LineRef>
      <JourneyPatternRef>jp_2</JourneyPatternRef>
      <DepartureTime>15:17:00</DepartureTime>
    </VehicleJourney>
    <VehicleJourney>
      <OperatorRef>tkt_oid</OperatorRef>
      <Operational>
        <TicketMachine>
          <JourneyCode>136</JourneyCode>
        </TicketMachine>
      </Operational>
      <VehicleJourneyCode>vj_42</VehicleJourneyCode>
      <ServiceRef>PF0001961:21</ServiceRef>
      <LineRef>ENSB:PF0001961:21:83</LineRef>
      <JourneyPatternRef>jp_2</JourneyPatternRef>
      <DepartureTime>15:47:00</DepartureTime>
    </VehicleJourney>
    <VehicleJourney>
      <OperatorRef>tkt_oid</OperatorRef>
      <Operational>
        <TicketMachine>
          <JourneyCode>138</JourneyCode>
        </TicketMachine>
      </Operational>
      <VehicleJourneyCode>vj_43</VehicleJourneyCode>
      <ServiceRef>PF0001961:21</ServiceRef>
      <LineRef>ENSB:PF0001961:21:83</LineRef>
      <JourneyPatternRef>jp_2</JourneyPatternRef>
      <DepartureTime>16:17:00</DepartureTime>
    </VehicleJourney>
    <VehicleJourney>
      <OperatorRef>tkt_oid</OperatorRef>
      <Operational>
        <TicketMachine>
          <JourneyCode>140</JourneyCode>
        </TicketMachine>
      </Operational>
      <VehicleJourneyCode>vj_44</VehicleJourneyCode>
      <ServiceRef>PF0001961:21</ServiceRef>
      <LineRef>ENSB:PF0001961:21:83</LineRef>
      <JourneyPatternRef>jp_2</JourneyPatternRef>
      <DepartureTime>16:47:00</DepartureTime>
    </VehicleJourney>
    <VehicleJourney>
      <OperatorRef>tkt_oid</OperatorRef>
      <Operational>
        <TicketMachine>
          <JourneyCode>142</JourneyCode>
        </TicketMachine>
      </Operational>
      <VehicleJourneyCode>vj_45</VehicleJourneyCode>
      <ServiceRef>PF0001961:21</ServiceRef>
      <LineRef>ENSB:PF0001961:21:83</LineRef>
      <JourneyPatternRef>jp_2</JourneyPatternRef>
      <DepartureTime>17:17:00</DepartureTime>
    </VehicleJourney>
    <VehicleJourney>
      <OperatorRef>tkt_oid</OperatorRef>
      <Operational>
        <TicketMachine>
          <JourneyCode>144</JourneyCode>
        </TicketMachine>
      </Operational>
      <VehicleJourneyCode>vj_46</VehicleJourneyCode>
      <ServiceRef>PF0001961:21</ServiceRef>
      <LineRef>ENSB:PF0001961:21:83</LineRef>
      <JourneyPatternRef>jp_2</JourneyPatternRef>
      <DepartureTime>17:41:00</DepartureTime>
    </VehicleJourney>
    <VehicleJourney>
      <OperatorRef>tkt_oid</OperatorRef>
      <Operational>
        <TicketMachine>
          <JourneyCode>146</JourneyCode>
        </TicketMachine>
      </Operational>
      <VehicleJourneyCode>vj_47</VehicleJourneyCode>
      <ServiceRef>PF0001961:21</ServiceRef>
      <LineRef>ENSB:PF0001961:21:83</LineRef>
      <JourneyPatternRef>jp_2</JourneyPatternRef>
      <DepartureTime>18:14:00</DepartureTime>
    </VehicleJourney>
    <VehicleJourney>
      <OperatorRef>tkt_oid</OperatorRef>
      <Operational>
        <TicketMachine>
          <JourneyCode>148</JourneyCode>
        </TicketMachine>
      </Operational>
      <VehicleJourneyCode>vj_48</VehicleJourneyCode>
      <ServiceRef>PF0001961:21</ServiceRef>
      <LineRef>ENSB:PF0001961:21:83</LineRef>
      <JourneyPatternRef>jp_2</JourneyPatternRef>
      <DepartureTime>18:59:00</DepartureTime>
    </VehicleJourney>
  </VehicleJourneys>
</TransXChange>