﻿<?xml version="1.0" encoding="utf-8"?>
<TransXChange xmlns:xsi="http://www.w3.org/2001/XMLSchema-instance" SchemaVersion="2.4" CreationDateTime="2024-07-16T12:08:01" ModificationDateTime="2026-02-04T08:37:27" Modification="revise" RevisionNumber="156" FileName="ENSB_73Z_ENSBPF00019613273_20251227_20260321_2235298.xml" xmlns="http://www.transxchange.org.uk/">
  <StopPoints>
    <AnnotatedStopPointRef>
      <StopPointRef>1590060107</StopPointRef>
      <CommonName>Lakeside Bus Station, G</CommonName>
      <Location>
        <Longitude>0.283293</Longitude>
        <Latitude>51.490326</Latitude>
      </Location>
    </AnnotatedStopPointRef>
    <AnnotatedStopPointRef>
      <StopPointRef>1590012401</StopPointRef>
      <CommonName>Tesco</CommonName>
      <Location>
        <Longitude>0.273749</Longitude>
        <Latitude>51.487820</Latitude>
      </Location>
    </AnnotatedStopPointRef>
    <AnnotatedStopPointRef>
      <StopPointRef>1590705225</StopPointRef>
      <CommonName>Lakeside Tesco</CommonName>
      <Location>
        <Longitude>0.273766</Longitude>
        <Latitude>51.487945</Latitude>
      </Location>
    </AnnotatedStopPointRef>
    <AnnotatedStopPointRef>
      <StopPointRef>1590705218</StopPointRef>
      <CommonName>Lakeside Retail Park</CommonName>
      <Location>
        <Longitude>0.277431</Longitude>
        <Latitude>51.485752</Latitude>
      </Location>
    </AnnotatedStopPointRef>
    <AnnotatedStopPointRef>
      <StopPointRef>1590705217</StopPointRef>
      <CommonName>Lakeside Retail Park</CommonName>
      <Location>
        <Longitude>0.277145</Longitude>
        <Latitude>51.485802</Latitude>
      </Location>
    </AnnotatedStopPointRef>
    <AnnotatedStopPointRef>
      <StopPointRef>1590705228</StopPointRef>
      <CommonName>Costco Roundabout</CommonName>
      <Location>
        <Longitude>0.277663</Longitude>
        <Latitude>51.484167</Latitude>
      </Location>
    </AnnotatedStopPointRef>
    <AnnotatedStopPointRef>
      <StopPointRef>1590048201</StopPointRef>
      <CommonName>Costco Roundabout</CommonName>
      <Location>
        <Longitude>0.278957</Longitude>
        <Latitude>51.484292</Latitude>
      </Location>
    </AnnotatedStopPointRef>
    <AnnotatedStopPointRef>
      <StopPointRef>1590013101</StopPointRef>
      <CommonName>Heron Way</CommonName>
      <Location>
        <Longitude>0.283227</Longitude>
        <Latitude>51.480642</Latitude>
      </Location>
    </AnnotatedStopPointRef>
    <AnnotatedStopPointRef>
      <StopPointRef>1590013201</StopPointRef>
      <CommonName>Heron Way</CommonName>
      <Location>
        <Longitude>0.283060</Longitude>
        <Latitude>51.482219</Latitude>
      </Location>
    </AnnotatedStopPointRef>
    <AnnotatedStopPointRef>
      <StopPointRef>1590013001</StopPointRef>
      <CommonName>Motherwell Way Screwfix</CommonName>
      <Location>
        <Longitude>0.279195</Longitude>
        <Latitude>51.480082</Latitude>
      </Location>
    </AnnotatedStopPointRef>
    <AnnotatedStopPointRef>
      <StopPointRef>1590012901</StopPointRef>
      <CommonName>Motherwell Way Screwfix</CommonName>
      <Location>
        <Longitude>0.278705</Longitude>
        <Latitude>51.479803</Latitude>
      </Location>
    </AnnotatedStopPointRef>
    <AnnotatedStopPointRef>
      <StopPointRef>1590012701</StopPointRef>
      <CommonName>Eastern Avenue</CommonName>
      <Location>
        <Longitude>0.274715</Longitude>
        <Latitude>51.478055</Latitude>
      </Location>
    </AnnotatedStopPointRef>
    <AnnotatedStopPointRef>
      <StopPointRef>1590012801</StopPointRef>
      <CommonName>Eastern Avenue</CommonName>
      <Location>
        <Longitude>0.274368</Longitude>
        <Latitude>51.478611</Latitude>
      </Location>
    </AnnotatedStopPointRef>
    <AnnotatedStopPointRef>
      <StopPointRef>159007075130</StopPointRef>
      <CommonName>Motherwell Way</CommonName>
      <Location>
        <Longitude>0.274912</Longitude>
        <Latitude>51.476217</Latitude>
      </Location>
    </AnnotatedStopPointRef>
    <AnnotatedStopPointRef>
      <StopPointRef>1590013701</StopPointRef>
      <CommonName>The Rookery</CommonName>
      <Location>
        <Longitude>0.280498</Longitude>
        <Latitude>51.475892</Latitude>
      </Location>
    </AnnotatedStopPointRef>
    <AnnotatedStopPointRef>
      <StopPointRef>159007075129</StopPointRef>
      <CommonName>First Avenue</CommonName>
      <Location>
        <Longitude>0.275377</Longitude>
        <Latitude>51.475731</Latitude>
      </Location>
    </AnnotatedStopPointRef>
    <AnnotatedStopPointRef>
      <StopPointRef>1590013601</StopPointRef>
      <CommonName>The Rookery</CommonName>
      <Location>
        <Longitude>0.279298</Longitude>
        <Latitude>51.475808</Latitude>
      </Location>
    </AnnotatedStopPointRef>
    <AnnotatedStopPointRef>
      <StopPointRef>1590013801</StopPointRef>
      <CommonName>Elm Terrace</CommonName>
      <Location>
        <Longitude>0.283116</Longitude>
        <Latitude>51.476120</Latitude>
      </Location>
    </AnnotatedStopPointRef>
    <AnnotatedStopPointRef>
      <StopPointRef>1590700301</StopPointRef>
      <CommonName>Ikea</CommonName>
      <Location>
        <Longitude>0.287251</Longitude>
        <Latitude>51.479043</Latitude>
      </Location>
    </AnnotatedStopPointRef>
    <AnnotatedStopPointRef>
      <StopPointRef>1590014601</StopPointRef>
      <CommonName>The Ship</CommonName>
      <Location>
        <Longitude>0.290697</Longitude>
        <Latitude>51.476530</Latitude>
      </Location>
    </AnnotatedStopPointRef>
    <AnnotatedStopPointRef>
      <StopPointRef>1590013901</StopPointRef>
      <CommonName>West Thurrock Way</CommonName>
      <Location>
        <Longitude>0.287886</Longitude>
        <Latitude>51.477053</Latitude>
      </Location>
    </AnnotatedStopPointRef>
    <AnnotatedStopPointRef>
      <StopPointRef>1590014701</StopPointRef>
      <CommonName>Magnet Road</CommonName>
      <Location>
        <Longitude>0.294546</Longitude>
        <Latitude>51.476886</Latitude>
      </Location>
    </AnnotatedStopPointRef>
    <AnnotatedStopPointRef>
      <StopPointRef>1590014501</StopPointRef>
      <CommonName>The Ship</CommonName>
      <Location>
        <Longitude>0.290445</Longitude>
        <Latitude>51.476391</Latitude>
      </Location>
    </AnnotatedStopPointRef>
    <AnnotatedStopPointRef>
      <StopPointRef>1590015001</StopPointRef>
      <CommonName>Mill Lane</CommonName>
      <Location>
        <Longitude>0.298829</Longitude>
        <Latitude>51.477567</Latitude>
      </Location>
    </AnnotatedStopPointRef>
    <AnnotatedStopPointRef>
      <StopPointRef>1590014801</StopPointRef>
      <CommonName>The Shant</CommonName>
      <Location>
        <Longitude>0.296688</Longitude>
        <Latitude>51.477087</Latitude>
      </Location>
    </AnnotatedStopPointRef>
    <AnnotatedStopPointRef>
      <StopPointRef>1590015201</StopPointRef>
      <CommonName>Moore Avenue</CommonName>
      <Location>
        <Longitude>0.302473</Longitude>
        <Latitude>51.477855</Latitude>
      </Location>
    </AnnotatedStopPointRef>
    <AnnotatedStopPointRef>
      <StopPointRef>1590015101</StopPointRef>
      <CommonName>Moore Avenue</CommonName>
      <Location>
        <Longitude>0.301934</Longitude>
        <Latitude>51.477749</Latitude>
      </Location>
    </AnnotatedStopPointRef>
    <AnnotatedStopPointRef>
      <StopPointRef>1590015401</StopPointRef>
      <CommonName>Rosebery Road</CommonName>
      <Location>
        <Longitude>0.310276</Longitude>
        <Latitude>51.476380</Latitude>
      </Location>
    </AnnotatedStopPointRef>
    <AnnotatedStopPointRef>
      <StopPointRef>1590015301</StopPointRef>
      <CommonName>Rosebery Road</CommonName>
      <Location>
        <Longitude>0.308536</Longitude>
        <Latitude>51.476423</Latitude>
      </Location>
    </AnnotatedStopPointRef>
    <AnnotatedStopPointRef>
      <StopPointRef>1590015501</StopPointRef>
      <CommonName>Meesons Lane</CommonName>
      <Location>
        <Longitude>0.311138</Longitude>
        <Latitude>51.476338</Latitude>
      </Location>
    </AnnotatedStopPointRef>
    <AnnotatedStopPointRef>
      <StopPointRef>1590015701</StopPointRef>
      <CommonName>Aldi</CommonName>
      <Location>
        <Longitude>0.315750</Longitude>
        <Latitude>51.476973</Latitude>
      </Location>
    </AnnotatedStopPointRef>
    <AnnotatedStopPointRef>
      <StopPointRef>1590705219</StopPointRef>
      <CommonName>Aldi</CommonName>
      <Location>
        <Longitude>0.315809</Longitude>
        <Latitude>51.477050</Latitude>
      </Location>
    </AnnotatedStopPointRef>
    <AnnotatedStopPointRef>
      <StopPointRef>1590060001</StopPointRef>
      <CommonName>Grays Bus Station, 1</CommonName>
      <Location>
        <Longitude>0.321146</Longitude>
        <Latitude>51.476605</Latitude>
      </Location>
    </AnnotatedStopPointRef>
    <AnnotatedStopPointRef>
      <StopPointRef>15906049</StopPointRef>
      <CommonName>Grays Bus Station, 7</CommonName>
      <Location>
        <Longitude>0.320767</Longitude>
        <Latitude>51.476793</Latitude>
      </Location>
    </AnnotatedStopPointRef>
    <AnnotatedStopPointRef>
      <StopPointRef>1590700101</StopPointRef>
      <CommonName>Stanley Road</CommonName>
      <Location>
        <Longitude>0.326425</Longitude>
        <Latitude>51.479019</Latitude>
      </Location>
    </AnnotatedStopPointRef>
    <AnnotatedStopPointRef>
      <StopPointRef>1590060002</StopPointRef>
      <CommonName>Grays Bus Station, 2</CommonName>
      <Location>
        <Longitude>0.320829</Longitude>
        <Latitude>51.476636</Latitude>
      </Location>
    </AnnotatedStopPointRef>
    <AnnotatedStopPointRef>
      <StopPointRef>1590017601</StopPointRef>
      <CommonName>Stanley Road</CommonName>
      <Location>
        <Longitude>0.326698</Longitude>
        <Latitude>51.478996</Latitude>
      </Location>
    </AnnotatedStopPointRef>
    <AnnotatedStopPointRef>
      <StopPointRef>1590019201</StopPointRef>
      <CommonName>Bradleigh Avenue</CommonName>
      <Location>
        <Longitude>0.331699</Longitude>
        <Latitude>51.481037</Latitude>
      </Location>
    </AnnotatedStopPointRef>
    <AnnotatedStopPointRef>
      <StopPointRef>1590019301</StopPointRef>
      <CommonName>Bradleigh Avenue</CommonName>
      <Location>
        <Longitude>0.332458</Longitude>
        <Latitude>51.481237</Latitude>
      </Location>
    </AnnotatedStopPointRef>
    <AnnotatedStopPointRef>
      <StopPointRef>1590019401</StopPointRef>
      <CommonName>Palmers Avenue</CommonName>
      <Location>
        <Longitude>0.335584</Longitude>
        <Latitude>51.482380</Latitude>
      </Location>
    </AnnotatedStopPointRef>
    <AnnotatedStopPointRef>
      <StopPointRef>1590019501</StopPointRef>
      <CommonName>Palmers Avenue</CommonName>
      <Location>
        <Longitude>0.335179</Longitude>
        <Latitude>51.482343</Latitude>
      </Location>
    </AnnotatedStopPointRef>
    <AnnotatedStopPointRef>
      <StopPointRef>1590019701</StopPointRef>
      <CommonName>Whitehall Road</CommonName>
      <Location>
        <Longitude>0.335665</Longitude>
        <Latitude>51.485931</Latitude>
      </Location>
    </AnnotatedStopPointRef>
    <AnnotatedStopPointRef>
      <StopPointRef>1590022801</StopPointRef>
      <CommonName>Tennyson Avenue</CommonName>
      <Location>
        <Longitude>0.335808</Longitude>
        <Latitude>51.487880</Latitude>
      </Location>
    </AnnotatedStopPointRef>
    <AnnotatedStopPointRef>
      <StopPointRef>1590019601</StopPointRef>
      <CommonName>Whitehall Road</CommonName>
      <Location>
        <Longitude>0.335892</Longitude>
        <Latitude>51.485306</Latitude>
      </Location>
    </AnnotatedStopPointRef>
    <AnnotatedStopPointRef>
      <StopPointRef>1590023001</StopPointRef>
      <CommonName>Piggs Corner</CommonName>
      <Location>
        <Longitude>0.337516</Longitude>
        <Latitude>51.489168</Latitude>
      </Location>
    </AnnotatedStopPointRef>
    <AnnotatedStopPointRef>
      <StopPointRef>1590023101</StopPointRef>
      <CommonName>The Oak</CommonName>
      <Location>
        <Longitude>0.341035</Longitude>
        <Latitude>51.489302</Latitude>
      </Location>
    </AnnotatedStopPointRef>
    <AnnotatedStopPointRef>
      <StopPointRef>1590022901</StopPointRef>
      <CommonName>Tennyson Avenue</CommonName>
      <Location>
        <Longitude>0.336176</Longitude>
        <Latitude>51.488043</Latitude>
      </Location>
    </AnnotatedStopPointRef>
    <AnnotatedStopPointRef>
      <StopPointRef>1590023201</StopPointRef>
      <CommonName>The Oak</CommonName>
      <Location>
        <Longitude>0.341139</Longitude>
        <Latitude>51.489032</Latitude>
      </Location>
    </AnnotatedStopPointRef>
    <AnnotatedStopPointRef>
      <StopPointRef>1590042601</StopPointRef>
      <CommonName>Parkside</CommonName>
      <Location>
        <Longitude>0.345205</Longitude>
        <Latitude>51.488031</Latitude>
      </Location>
    </AnnotatedStopPointRef>
    <AnnotatedStopPointRef>
      <StopPointRef>15907075121</StopPointRef>
      <CommonName>Ridgeway</CommonName>
      <Location>
        <Longitude>0.347266</Longitude>
        <Latitude>51.486928</Latitude>
      </Location>
    </AnnotatedStopPointRef>
    <AnnotatedStopPointRef>
      <StopPointRef>1590025501</StopPointRef>
      <CommonName>Wood View</CommonName>
      <Location>
        <Longitude>0.350061</Longitude>
        <Latitude>51.486039</Latitude>
      </Location>
    </AnnotatedStopPointRef>
    <AnnotatedStopPointRef>
      <StopPointRef>1590025101</StopPointRef>
      <CommonName>USP (Palmers) College</CommonName>
      <Location>
        <Longitude>0.351279</Longitude>
        <Latitude>51.484243</Latitude>
      </Location>
    </AnnotatedStopPointRef>
    <AnnotatedStopPointRef>
      <StopPointRef>1590025301</StopPointRef>
      <CommonName>Heathland Way</CommonName>
      <Location>
        <Longitude>0.353618</Longitude>
        <Latitude>51.484628</Latitude>
      </Location>
    </AnnotatedStopPointRef>
    <AnnotatedStopPointRef>
      <StopPointRef>1590042701</StopPointRef>
      <CommonName>The Haven</CommonName>
      <Location>
        <Longitude>0.360584</Longitude>
        <Latitude>51.482005</Latitude>
      </Location>
    </AnnotatedStopPointRef>
    <AnnotatedStopPointRef>
      <StopPointRef>1590046801</StopPointRef>
      <CommonName>The Haven</CommonName>
      <Location>
        <Longitude>0.360550</Longitude>
        <Latitude>51.481898</Latitude>
      </Location>
    </AnnotatedStopPointRef>
    <AnnotatedStopPointRef>
      <StopPointRef>1590029501</StopPointRef>
      <CommonName>River View</CommonName>
      <Location>
        <Longitude>0.362442</Longitude>
        <Latitude>51.481437</Latitude>
      </Location>
    </AnnotatedStopPointRef>
    <AnnotatedStopPointRef>
      <StopPointRef>1590029401</StopPointRef>
      <CommonName>River View</CommonName>
      <Location>
        <Longitude>0.362783</Longitude>
        <Latitude>51.481637</Latitude>
      </Location>
    </AnnotatedStopPointRef>
    <AnnotatedStopPointRef>
      <StopPointRef>1590029701</StopPointRef>
      <CommonName>River View Cross Keys</CommonName>
      <Location>
        <Longitude>0.367919</Longitude>
        <Latitude>51.481803</Latitude>
      </Location>
    </AnnotatedStopPointRef>
    <AnnotatedStopPointRef>
      <StopPointRef>1590029601</StopPointRef>
      <CommonName>River View Cross Keys</CommonName>
      <Location>
        <Longitude>0.367909</Longitude>
        <Latitude>51.481606</Latitude>
      </Location>
    </AnnotatedStopPointRef>
    <AnnotatedStopPointRef>
      <StopPointRef>1590029301</StopPointRef>
      <CommonName>Gateway Academy</CommonName>
      <Location>
        <Longitude>0.365846</Longitude>
        <Latitude>51.473533</Latitude>
      </Location>
    </AnnotatedStopPointRef>
    <AnnotatedStopPointRef>
      <StopPointRef>15907075103</StopPointRef>
      <CommonName>Gateway Academy</CommonName>
      <Location>
        <Longitude>0.366279</Longitude>
        <Latitude>51.474337</Latitude>
      </Location>
    </AnnotatedStopPointRef>
    <AnnotatedStopPointRef>
      <StopPointRef>1590027701</StopPointRef>
      <CommonName>Lawrence Gardens</CommonName>
      <Location>
        <Longitude>0.367640</Longitude>
        <Latitude>51.470846</Latitude>
      </Location>
    </AnnotatedStopPointRef>
    <AnnotatedStopPointRef>
      <StopPointRef>1590027601</StopPointRef>
      <CommonName>Lawrence Gardens</CommonName>
      <Location>
        <Longitude>0.367232</Longitude>
        <Latitude>51.471025</Latitude>
      </Location>
    </AnnotatedStopPointRef>
    <AnnotatedStopPointRef>
      <StopPointRef>1590027801</StopPointRef>
      <CommonName>Wren Walk</CommonName>
      <Location>
        <Longitude>0.368849</Longitude>
        <Latitude>51.469446</Latitude>
      </Location>
    </AnnotatedStopPointRef>
    <AnnotatedStopPointRef>
      <StopPointRef>15907075107</StopPointRef>
      <CommonName>Wren Walk</CommonName>
      <Location>
        <Longitude>0.369992</Longitude>
        <Latitude>51.468233</Latitude>
      </Location>
    </AnnotatedStopPointRef>
    <AnnotatedStopPointRef>
      <StopPointRef>1590027901</StopPointRef>
      <CommonName>Gainsborough Avenue</CommonName>
      <Location>
        <Longitude>0.369704</Longitude>
        <Latitude>51.467054</Latitude>
      </Location>
    </AnnotatedStopPointRef>
    <AnnotatedStopPointRef>
      <StopPointRef>1590028001</StopPointRef>
      <CommonName>Gainsborough Avenue</CommonName>
      <Location>
        <Longitude>0.369710</Longitude>
        <Latitude>51.466325</Latitude>
      </Location>
    </AnnotatedStopPointRef>
    <AnnotatedStopPointRef>
      <StopPointRef>1590028201</StopPointRef>
      <CommonName>Cowper Avenue</CommonName>
      <Location>
        <Longitude>0.369552</Longitude>
        <Latitude>51.464962</Latitude>
      </Location>
    </AnnotatedStopPointRef>
    <AnnotatedStopPointRef>
      <StopPointRef>1590028101</StopPointRef>
      <CommonName>Cowper Avenue</CommonName>
      <Location>
        <Longitude>0.369264</Longitude>
        <Latitude>51.464958</Latitude>
      </Location>
    </AnnotatedStopPointRef>
    <AnnotatedStopPointRef>
      <StopPointRef>1590028301</StopPointRef>
      <CommonName>Brennan Road</CommonName>
      <Location>
        <Longitude>0.368855</Longitude>
        <Latitude>51.462619</Latitude>
      </Location>
    </AnnotatedStopPointRef>
    <AnnotatedStopPointRef>
      <StopPointRef>1590028401</StopPointRef>
      <CommonName>Brennan Road</CommonName>
      <Location>
        <Longitude>0.369174</Longitude>
        <Latitude>51.462937</Latitude>
      </Location>
    </AnnotatedStopPointRef>
    <AnnotatedStopPointRef>
      <StopPointRef>1590026801</StopPointRef>
      <CommonName>Civic Square</CommonName>
      <Location>
        <Longitude>0.364867</Longitude>
        <Latitude>51.461216</Latitude>
      </Location>
    </AnnotatedStopPointRef>
    <AnnotatedStopPointRef>
      <StopPointRef>1590026901</StopPointRef>
      <CommonName>Civic Square Post Office</CommonName>
      <Location>
        <Longitude>0.365255</Longitude>
        <Latitude>51.462054</Latitude>
      </Location>
    </AnnotatedStopPointRef>
    <AnnotatedStopPointRef>
      <StopPointRef>1590701601</StopPointRef>
      <CommonName>Montreal Road</CommonName>
      <Location>
        <Longitude>0.363147</Longitude>
        <Latitude>51.458589</Latitude>
      </Location>
    </AnnotatedStopPointRef>
    <AnnotatedStopPointRef>
      <StopPointRef>1590026701</StopPointRef>
      <CommonName>Toronto Road</CommonName>
      <Location>
        <Longitude>0.360277</Longitude>
        <Latitude>51.461830</Latitude>
      </Location>
    </AnnotatedStopPointRef>
    <AnnotatedStopPointRef>
      <StopPointRef>1590026601</StopPointRef>
      <CommonName>Toronto Road</CommonName>
      <Location>
        <Longitude>0.360599</Longitude>
        <Latitude>51.461653</Latitude>
      </Location>
    </AnnotatedStopPointRef>
    <AnnotatedStopPointRef>
      <StopPointRef>1590705227</StopPointRef>
      <CommonName>Calcutta Road</CommonName>
      <Location>
        <Longitude>0.357090</Longitude>
        <Latitude>51.461958</Latitude>
      </Location>
    </AnnotatedStopPointRef>
    <AnnotatedStopPointRef>
      <StopPointRef>1590701801</StopPointRef>
      <CommonName>Calcutta Road</CommonName>
      <Location>
        <Longitude>0.356993</Longitude>
        <Latitude>51.462085</Latitude>
      </Location>
    </AnnotatedStopPointRef>
    <AnnotatedStopPointRef>
      <StopPointRef>1590026401</StopPointRef>
      <CommonName>Tilbury Town Station</CommonName>
      <Location>
        <Longitude>0.353923</Longitude>
        <Latitude>51.462866</Latitude>
      </Location>
    </AnnotatedStopPointRef>
    <AnnotatedStopPointRef>
      <StopPointRef>1590026301</StopPointRef>
      <CommonName>Tilbury Town Station</CommonName>
      <Location>
        <Longitude>0.353973</Longitude>
        <Latitude>51.462721</Latitude>
      </Location>
    </AnnotatedStopPointRef>
    <AnnotatedStopPointRef>
      <StopPointRef>1590026201</StopPointRef>
      <CommonName>Russell Road</CommonName>
      <Location>
        <Longitude>0.350315</Longitude>
        <Latitude>51.464656</Latitude>
      </Location>
    </AnnotatedStopPointRef>
    <AnnotatedStopPointRef>
      <StopPointRef>1590703301</StopPointRef>
      <CommonName>Russell Road</CommonName>
      <Location>
        <Longitude>0.350645</Longitude>
        <Latitude>51.464632</Latitude>
      </Location>
    </AnnotatedStopPointRef>
    <AnnotatedStopPointRef>
      <StopPointRef>1590705212</StopPointRef>
      <CommonName>Amazon Tilbury</CommonName>
      <Location>
        <Longitude>0.351283</Longitude>
        <Latitude>51.467306</Latitude>
      </Location>
    </AnnotatedStopPointRef>
  </StopPoints>
  <RouteSections>
    <RouteSection id="rsf_0000">
      <RouteLink id="rl_0000_1">
        <From>
          <StopPointRef>1590060107</StopPointRef>
        </From>
        <To>
          <StopPointRef>1590012401</StopPointRef>
        </To>
      </RouteLink>
      <RouteLink id="rl_0000_2">
        <From>
          <StopPointRef>1590012401</StopPointRef>
        </From>
        <To>
          <StopPointRef>1590705218</StopPointRef>
        </To>
      </RouteLink>
      <RouteLink id="rl_0000_3">
        <From>
          <StopPointRef>1590705218</StopPointRef>
        </From>
        <To>
          <StopPointRef>1590048201</StopPointRef>
        </To>
      </RouteLink>
      <RouteLink id="rl_0000_4">
        <From>
          <StopPointRef>1590048201</StopPointRef>
        </From>
        <To>
          <StopPointRef>1590013101</StopPointRef>
        </To>
      </RouteLink>
      <RouteLink id="rl_0000_5">
        <From>
          <StopPointRef>1590013101</StopPointRef>
        </From>
        <To>
          <StopPointRef>1590012901</StopPointRef>
        </To>
      </RouteLink>
      <RouteLink id="rl_0000_6">
        <From>
          <StopPointRef>1590012901</StopPointRef>
        </From>
        <To>
          <StopPointRef>1590012701</StopPointRef>
        </To>
      </RouteLink>
      <RouteLink id="rl_0000_7">
        <From>
          <StopPointRef>1590012701</StopPointRef>
        </From>
        <To>
          <StopPointRef>159007075130</StopPointRef>
        </To>
      </RouteLink>
      <RouteLink id="rl_0000_8">
        <From>
          <StopPointRef>159007075130</StopPointRef>
        </From>
        <To>
          <StopPointRef>1590013701</StopPointRef>
        </To>
      </RouteLink>
      <RouteLink id="rl_0000_9">
        <From>
          <StopPointRef>1590013701</StopPointRef>
        </From>
        <To>
          <StopPointRef>1590013801</StopPointRef>
        </To>
      </RouteLink>
      <RouteLink id="rl_0000_10">
        <From>
          <StopPointRef>1590013801</StopPointRef>
        </From>
        <To>
          <StopPointRef>1590014601</StopPointRef>
        </To>
      </RouteLink>
      <RouteLink id="rl_0000_11">
        <From>
          <StopPointRef>1590014601</StopPointRef>
        </From>
        <To>
          <StopPointRef>1590014701</StopPointRef>
        </To>
      </RouteLink>
      <RouteLink id="rl_0000_12">
        <From>
          <StopPointRef>1590014701</StopPointRef>
        </From>
        <To>
          <StopPointRef>1590015001</StopPointRef>
        </To>
      </RouteLink>
      <RouteLink id="rl_0000_13">
        <From>
          <StopPointRef>1590015001</StopPointRef>
        </From>
        <To>
          <StopPointRef>1590015201</StopPointRef>
        </To>
      </RouteLink>
      <RouteLink id="rl_0000_14">
        <From>
          <StopPointRef>1590015201</StopPointRef>
        </From>
        <To>
          <StopPointRef>1590015401</StopPointRef>
        </To>
      </RouteLink>
      <RouteLink id="rl_0000_15">
        <From>
          <StopPointRef>1590015401</StopPointRef>
        </From>
        <To>
          <StopPointRef>1590705219</StopPointRef>
        </To>
      </RouteLink>
      <RouteLink id="rl_0000_16">
        <From>
          <StopPointRef>1590705219</StopPointRef>
        </From>
        <To>
          <StopPointRef>15906049</StopPointRef>
        </To>
      </RouteLink>
      <RouteLink id="rl_0000_17">
        <From>
          <StopPointRef>15906049</StopPointRef>
        </From>
        <To>
          <StopPointRef>1590700101</StopPointRef>
        </To>
      </RouteLink>
      <RouteLink id="rl_0000_18">
        <From>
          <StopPointRef>1590700101</StopPointRef>
        </From>
        <To>
          <StopPointRef>1590019201</StopPointRef>
        </To>
      </RouteLink>
      <RouteLink id="rl_0000_19">
        <From>
          <StopPointRef>1590019201</StopPointRef>
        </From>
        <To>
          <StopPointRef>1590019501</StopPointRef>
        </To>
      </RouteLink>
      <RouteLink id="rl_0000_20">
        <From>
          <StopPointRef>1590019501</StopPointRef>
        </From>
        <To>
          <StopPointRef>1590019701</StopPointRef>
        </To>
      </RouteLink>
      <RouteLink id="rl_0000_21">
        <From>
          <StopPointRef>1590019701</StopPointRef>
        </From>
        <To>
          <StopPointRef>1590022801</StopPointRef>
        </To>
      </RouteLink>
      <RouteLink id="rl_0000_22">
        <From>
          <StopPointRef>1590022801</StopPointRef>
        </From>
        <To>
          <StopPointRef>1590023001</StopPointRef>
        </To>
      </RouteLink>
      <RouteLink id="rl_0000_23">
        <From>
          <StopPointRef>1590023001</StopPointRef>
        </From>
        <To>
          <StopPointRef>1590023101</StopPointRef>
        </To>
      </RouteLink>
      <RouteLink id="rl_0000_24">
        <From>
          <StopPointRef>1590023101</StopPointRef>
        </From>
        <To>
          <StopPointRef>1590042601</StopPointRef>
        </To>
      </RouteLink>
      <RouteLink id="rl_0000_25">
        <From>
          <StopPointRef>1590042601</StopPointRef>
        </From>
        <To>
          <StopPointRef>1590025501</StopPointRef>
        </To>
      </RouteLink>
      <RouteLink id="rl_0000_26">
        <From>
          <StopPointRef>1590025501</StopPointRef>
        </From>
        <To>
          <StopPointRef>1590025301</StopPointRef>
        </To>
      </RouteLink>
      <RouteLink id="rl_0000_27">
        <From>
          <StopPointRef>1590025301</StopPointRef>
        </From>
        <To>
          <StopPointRef>1590042701</StopPointRef>
        </To>
      </RouteLink>
      <RouteLink id="rl_0000_28">
        <From>
          <StopPointRef>1590042701</StopPointRef>
        </From>
        <To>
          <StopPointRef>1590029401</StopPointRef>
        </To>
      </RouteLink>
      <RouteLink id="rl_0000_29">
        <From>
          <StopPointRef>1590029401</StopPointRef>
        </From>
        <To>
          <StopPointRef>1590029701</StopPointRef>
        </To>
      </RouteLink>
      <RouteLink id="rl_0000_30">
        <From>
          <StopPointRef>1590029701</StopPointRef>
        </From>
        <To>
          <StopPointRef>15907075103</StopPointRef>
        </To>
      </RouteLink>
      <RouteLink id="rl_0000_31">
        <From>
          <StopPointRef>15907075103</StopPointRef>
        </From>
        <To>
          <StopPointRef>1590027701</StopPointRef>
        </To>
      </RouteLink>
      <RouteLink id="rl_0000_32">
        <From>
          <StopPointRef>1590027701</StopPointRef>
        </From>
        <To>
          <StopPointRef>15907075107</StopPointRef>
        </To>
      </RouteLink>
      <RouteLink id="rl_0000_33">
        <From>
          <StopPointRef>15907075107</StopPointRef>
        </From>
        <To>
          <StopPointRef>1590028001</StopPointRef>
        </To>
      </RouteLink>
      <RouteLink id="rl_0000_34">
        <From>
          <StopPointRef>1590028001</StopPointRef>
        </From>
        <To>
          <StopPointRef>1590028201</StopPointRef>
        </To>
      </RouteLink>
      <RouteLink id="rl_0000_35">
        <From>
          <StopPointRef>1590028201</StopPointRef>
        </From>
        <To>
          <StopPointRef>1590028401</StopPointRef>
        </To>
      </RouteLink>
      <RouteLink id="rl_0000_36">
        <From>
          <StopPointRef>1590028401</StopPointRef>
        </From>
        <To>
          <StopPointRef>1590026601</StopPointRef>
        </To>
      </RouteLink>
      <RouteLink id="rl_0000_37">
        <From>
          <StopPointRef>1590026601</StopPointRef>
        </From>
        <To>
          <StopPointRef>1590705227</StopPointRef>
        </To>
      </RouteLink>
      <RouteLink id="rl_0000_38">
        <From>
          <StopPointRef>1590705227</StopPointRef>
        </From>
        <To>
          <StopPointRef>1590026301</StopPointRef>
        </To>
      </RouteLink>
      <RouteLink id="rl_0000_39">
        <From>
          <StopPointRef>1590026301</StopPointRef>
        </From>
        <To>
          <StopPointRef>1590026201</StopPointRef>
        </To>
      </RouteLink>
      <RouteLink id="rl_0000_40">
        <From>
          <StopPointRef>1590026201</StopPointRef>
        </From>
        <To>
          <StopPointRef>1590705212</StopPointRef>
        </To>
      </RouteLink>
    </RouteSection>
    <RouteSection id="rsf_0001">
      <RouteLink id="rl_0001_1">
        <From>
          <StopPointRef>1590060107</StopPointRef>
        </From>
        <To>
          <StopPointRef>1590012401</StopPointRef>
        </To>
      </RouteLink>
      <RouteLink id="rl_0001_2">
        <From>
          <StopPointRef>1590012401</StopPointRef>
        </From>
        <To>
          <StopPointRef>1590705218</StopPointRef>
        </To>
      </RouteLink>
      <RouteLink id="rl_0001_3">
        <From>
          <StopPointRef>1590705218</StopPointRef>
        </From>
        <To>
          <StopPointRef>1590048201</StopPointRef>
        </To>
      </RouteLink>
      <RouteLink id="rl_0001_4">
        <From>
          <StopPointRef>1590048201</StopPointRef>
        </From>
        <To>
          <StopPointRef>1590013101</StopPointRef>
        </To>
      </RouteLink>
      <RouteLink id="rl_0001_5">
        <From>
          <StopPointRef>1590013101</StopPointRef>
        </From>
        <To>
          <StopPointRef>1590012901</StopPointRef>
        </To>
      </RouteLink>
      <RouteLink id="rl_0001_6">
        <From>
          <StopPointRef>1590012901</StopPointRef>
        </From>
        <To>
          <StopPointRef>1590012701</StopPointRef>
        </To>
      </RouteLink>
      <RouteLink id="rl_0001_7">
        <From>
          <StopPointRef>1590012701</StopPointRef>
        </From>
        <To>
          <StopPointRef>159007075130</StopPointRef>
        </To>
      </RouteLink>
      <RouteLink id="rl_0001_8">
        <From>
          <StopPointRef>159007075130</StopPointRef>
        </From>
        <To>
          <StopPointRef>1590013701</StopPointRef>
        </To>
      </RouteLink>
      <RouteLink id="rl_0001_9">
        <From>
          <StopPointRef>1590013701</StopPointRef>
        </From>
        <To>
          <StopPointRef>1590013801</StopPointRef>
        </To>
      </RouteLink>
      <RouteLink id="rl_0001_10">
        <From>
          <StopPointRef>1590013801</StopPointRef>
        </From>
        <To>
          <StopPointRef>1590014601</StopPointRef>
        </To>
      </RouteLink>
      <RouteLink id="rl_0001_11">
        <From>
          <StopPointRef>1590014601</StopPointRef>
        </From>
        <To>
          <StopPointRef>1590014701</StopPointRef>
        </To>
      </RouteLink>
      <RouteLink id="rl_0001_12">
        <From>
          <StopPointRef>1590014701</StopPointRef>
        </From>
        <To>
          <StopPointRef>1590015001</StopPointRef>
        </To>
      </RouteLink>
      <RouteLink id="rl_0001_13">
        <From>
          <StopPointRef>1590015001</StopPointRef>
        </From>
        <To>
          <StopPointRef>1590015201</StopPointRef>
        </To>
      </RouteLink>
      <RouteLink id="rl_0001_14">
        <From>
          <StopPointRef>1590015201</StopPointRef>
        </From>
        <To>
          <StopPointRef>1590015401</StopPointRef>
        </To>
      </RouteLink>
      <RouteLink id="rl_0001_15">
        <From>
          <StopPointRef>1590015401</StopPointRef>
        </From>
        <To>
          <StopPointRef>1590705219</StopPointRef>
        </To>
      </RouteLink>
      <RouteLink id="rl_0001_16">
        <From>
          <StopPointRef>1590705219</StopPointRef>
        </From>
        <To>
          <StopPointRef>15906049</StopPointRef>
        </To>
      </RouteLink>
      <RouteLink id="rl_0001_17">
        <From>
          <StopPointRef>15906049</StopPointRef>
        </From>
        <To>
          <StopPointRef>1590700101</StopPointRef>
        </To>
      </RouteLink>
      <RouteLink id="rl_0001_18">
        <From>
          <StopPointRef>1590700101</StopPointRef>
        </From>
        <To>
          <StopPointRef>1590019201</StopPointRef>
        </To>
      </RouteLink>
      <RouteLink id="rl_0001_19">
        <From>
          <StopPointRef>1590019201</StopPointRef>
        </From>
        <To>
          <StopPointRef>1590019501</StopPointRef>
        </To>
      </RouteLink>
      <RouteLink id="rl_0001_20">
        <From>
          <StopPointRef>1590019501</StopPointRef>
        </From>
        <To>
          <StopPointRef>1590019701</StopPointRef>
        </To>
      </RouteLink>
      <RouteLink id="rl_0001_21">
        <From>
          <StopPointRef>1590019701</StopPointRef>
        </From>
        <To>
          <StopPointRef>1590022801</StopPointRef>
        </To>
      </RouteLink>
      <RouteLink id="rl_0001_22">
        <From>
          <StopPointRef>1590022801</StopPointRef>
        </From>
        <To>
          <StopPointRef>1590023001</StopPointRef>
        </To>
      </RouteLink>
      <RouteLink id="rl_0001_23">
        <From>
          <StopPointRef>1590023001</StopPointRef>
        </From>
        <To>
          <StopPointRef>1590023101</StopPointRef>
        </To>
      </RouteLink>
      <RouteLink id="rl_0001_24">
        <From>
          <StopPointRef>1590023101</StopPointRef>
        </From>
        <To>
          <StopPointRef>1590042601</StopPointRef>
        </To>
      </RouteLink>
      <RouteLink id="rl_0001_25">
        <From>
          <StopPointRef>1590042601</StopPointRef>
        </From>
        <To>
          <StopPointRef>1590025501</StopPointRef>
        </To>
      </RouteLink>
      <RouteLink id="rl_0001_26">
        <From>
          <StopPointRef>1590025501</StopPointRef>
        </From>
        <To>
          <StopPointRef>1590025301</StopPointRef>
        </To>
      </RouteLink>
      <RouteLink id="rl_0001_27">
        <From>
          <StopPointRef>1590025301</StopPointRef>
        </From>
        <To>
          <StopPointRef>1590042701</StopPointRef>
        </To>
      </RouteLink>
      <RouteLink id="rl_0001_28">
        <From>
          <StopPointRef>1590042701</StopPointRef>
        </From>
        <To>
          <StopPointRef>1590029401</StopPointRef>
        </To>
      </RouteLink>
      <RouteLink id="rl_0001_29">
        <From>
          <StopPointRef>1590029401</StopPointRef>
        </From>
        <To>
          <StopPointRef>1590029701</StopPointRef>
        </To>
      </RouteLink>
      <RouteLink id="rl_0001_30">
        <From>
          <StopPointRef>1590029701</StopPointRef>
        </From>
        <To>
          <StopPointRef>15907075103</StopPointRef>
        </To>
      </RouteLink>
      <RouteLink id="rl_0001_31">
        <From>
          <StopPointRef>15907075103</StopPointRef>
        </From>
        <To>
          <StopPointRef>1590027701</StopPointRef>
        </To>
      </RouteLink>
      <RouteLink id="rl_0001_32">
        <From>
          <StopPointRef>1590027701</StopPointRef>
        </From>
        <To>
          <StopPointRef>15907075107</StopPointRef>
        </To>
      </RouteLink>
      <RouteLink id="rl_0001_33">
        <From>
          <StopPointRef>15907075107</StopPointRef>
        </From>
        <To>
          <StopPointRef>1590028001</StopPointRef>
        </To>
      </RouteLink>
      <RouteLink id="rl_0001_34">
        <From>
          <StopPointRef>1590028001</StopPointRef>
        </From>
        <To>
          <StopPointRef>1590028201</StopPointRef>
        </To>
      </RouteLink>
      <RouteLink id="rl_0001_35">
        <From>
          <StopPointRef>1590028201</StopPointRef>
        </From>
        <To>
          <StopPointRef>1590028401</StopPointRef>
        </To>
      </RouteLink>
      <RouteLink id="rl_0001_36">
        <From>
          <StopPointRef>1590028401</StopPointRef>
        </From>
        <To>
          <StopPointRef>1590026601</StopPointRef>
        </To>
      </RouteLink>
      <RouteLink id="rl_0001_37">
        <From>
          <StopPointRef>1590026601</StopPointRef>
        </From>
        <To>
          <StopPointRef>1590705227</StopPointRef>
        </To>
      </RouteLink>
      <RouteLink id="rl_0001_38">
        <From>
          <StopPointRef>1590705227</StopPointRef>
        </From>
        <To>
          <StopPointRef>1590026301</StopPointRef>
        </To>
      </RouteLink>
      <RouteLink id="rl_0001_39">
        <From>
          <StopPointRef>1590026301</StopPointRef>
        </From>
        <To>
          <StopPointRef>1590026201</StopPointRef>
        </To>
      </RouteLink>
      <RouteLink id="rl_0001_40">
        <From>
          <StopPointRef>1590026201</StopPointRef>
        </From>
        <To>
          <StopPointRef>1590705212</StopPointRef>
        </To>
      </RouteLink>
    </RouteSection>
  </RouteSections>
  <Routes>
    <Route id="rt_0000">
      <Description>No route description available</Description>
      <RouteSectionRef>rsf_0000</RouteSectionRef>
    </Route>
    <Route id="rt_0001">
      <Description>No route description available</Description>
      <RouteSectionRef>rsf_0001</RouteSectionRef>
    </Route>
  </Routes>
  <JourneyPatternSections>
    <JourneyPatternSection id="js_1">
      <JourneyPatternTimingLink id="jptl_1">
        <From SequenceNumber="1">
          <Activity>pickUp</Activity>
          <StopPointRef>1590060107</StopPointRef>
          <TimingStatus>principalTimingPoint</TimingStatus>
        </From>
        <To SequenceNumber="2">
          <StopPointRef>1590012401</StopPointRef>
          <TimingStatus>principalTimingPoint</TimingStatus>
        </To>
        <RouteLinkRef>rl_0000_1</RouteLinkRef>
        <RunTime>PT2M</RunTime>
      </JourneyPatternTimingLink>
      <JourneyPatternTimingLink id="jptl_2">
        <From SequenceNumber="2">
          <StopPointRef>1590012401</StopPointRef>
          <TimingStatus>principalTimingPoint</TimingStatus>
        </From>
        <To SequenceNumber="3">
          <StopPointRef>1590705218</StopPointRef>
          <TimingStatus>principalTimingPoint</TimingStatus>
        </To>
        <RouteLinkRef>rl_0000_2</RouteLinkRef>
        <RunTime>PT1M</RunTime>
      </JourneyPatternTimingLink>
      <JourneyPatternTimingLink id="jptl_3">
        <From SequenceNumber="3">
          <StopPointRef>1590705218</StopPointRef>
          <TimingStatus>principalTimingPoint</TimingStatus>
        </From>
        <To SequenceNumber="4">
          <StopPointRef>1590048201</StopPointRef>
          <TimingStatus>otherPoint</TimingStatus>
        </To>
        <RouteLinkRef>rl_0000_3</RouteLinkRef>
        <RunTime>PT0S</RunTime>
      </JourneyPatternTimingLink>
      <JourneyPatternTimingLink id="jptl_4">
        <From SequenceNumber="4">
          <StopPointRef>1590048201</StopPointRef>
          <TimingStatus>otherPoint</TimingStatus>
        </From>
        <To SequenceNumber="5">
          <StopPointRef>1590013101</StopPointRef>
          <TimingStatus>principalTimingPoint</TimingStatus>
        </To>
        <RouteLinkRef>rl_0000_4</RouteLinkRef>
        <RunTime>PT3M</RunTime>
      </JourneyPatternTimingLink>
      <JourneyPatternTimingLink id="jptl_5">
        <From SequenceNumber="5">
          <StopPointRef>1590013101</StopPointRef>
          <TimingStatus>principalTimingPoint</TimingStatus>
        </From>
        <To SequenceNumber="6">
          <StopPointRef>1590012901</StopPointRef>
          <TimingStatus>otherPoint</TimingStatus>
        </To>
        <RouteLinkRef>rl_0000_5</RouteLinkRef>
        <RunTime>PT1M</RunTime>
      </JourneyPatternTimingLink>
      <JourneyPatternTimingLink id="jptl_6">
        <From SequenceNumber="6">
          <StopPointRef>1590012901</StopPointRef>
          <TimingStatus>otherPoint</TimingStatus>
        </From>
        <To SequenceNumber="7">
          <StopPointRef>1590012701</StopPointRef>
          <TimingStatus>otherPoint</TimingStatus>
        </To>
        <RouteLinkRef>rl_0000_6</RouteLinkRef>
        <RunTime>PT1M</RunTime>
      </JourneyPatternTimingLink>
      <JourneyPatternTimingLink id="jptl_7">
        <From SequenceNumber="7">
          <StopPointRef>1590012701</StopPointRef>
          <TimingStatus>otherPoint</TimingStatus>
        </From>
        <To SequenceNumber="8">
          <StopPointRef>159007075130</StopPointRef>
          <TimingStatus>otherPoint</TimingStatus>
        </To>
        <RouteLinkRef>rl_0000_7</RouteLinkRef>
        <RunTime>PT0S</RunTime>
      </JourneyPatternTimingLink>
      <JourneyPatternTimingLink id="jptl_8">
        <From SequenceNumber="8">
          <StopPointRef>159007075130</StopPointRef>
          <TimingStatus>otherPoint</TimingStatus>
        </From>
        <To SequenceNumber="9">
          <StopPointRef>1590013701</StopPointRef>
          <TimingStatus>principalTimingPoint</TimingStatus>
        </To>
        <RouteLinkRef>rl_0000_8</RouteLinkRef>
        <RunTime>PT1M</RunTime>
      </JourneyPatternTimingLink>
      <JourneyPatternTimingLink id="jptl_9">
        <From SequenceNumber="9">
          <StopPointRef>1590013701</StopPointRef>
          <TimingStatus>principalTimingPoint</TimingStatus>
        </From>
        <To SequenceNumber="10">
          <StopPointRef>1590013801</StopPointRef>
          <TimingStatus>otherPoint</TimingStatus>
        </To>
        <RouteLinkRef>rl_0000_9</RouteLinkRef>
        <RunTime>PT0S</RunTime>
      </JourneyPatternTimingLink>
      <JourneyPatternTimingLink id="jptl_10">
        <From SequenceNumber="10">
          <StopPointRef>1590013801</StopPointRef>
          <TimingStatus>otherPoint</TimingStatus>
        </From>
        <To SequenceNumber="11">
          <StopPointRef>1590014601</StopPointRef>
          <TimingStatus>principalTimingPoint</TimingStatus>
        </To>
        <RouteLinkRef>rl_0000_10</RouteLinkRef>
        <RunTime>PT3M</RunTime>
      </JourneyPatternTimingLink>
      <JourneyPatternTimingLink id="jptl_11">
        <From SequenceNumber="11">
          <StopPointRef>1590014601</StopPointRef>
          <TimingStatus>principalTimingPoint</TimingStatus>
        </From>
        <To SequenceNumber="12">
          <StopPointRef>1590014701</StopPointRef>
          <TimingStatus>otherPoint</TimingStatus>
        </To>
        <RouteLinkRef>rl_0000_11</RouteLinkRef>
        <RunTime>PT1M</RunTime>
      </JourneyPatternTimingLink>
      <JourneyPatternTimingLink id="jptl_12">
        <From SequenceNumber="12">
          <StopPointRef>1590014701</StopPointRef>
          <TimingStatus>otherPoint</TimingStatus>
        </From>
        <To SequenceNumber="13">
          <StopPointRef>1590015001</StopPointRef>
          <TimingStatus>otherPoint</TimingStatus>
        </To>
        <RouteLinkRef>rl_0000_12</RouteLinkRef>
        <RunTime>PT0S</RunTime>
      </JourneyPatternTimingLink>
      <JourneyPatternTimingLink id="jptl_13">
        <From SequenceNumber="13">
          <StopPointRef>1590015001</StopPointRef>
          <TimingStatus>otherPoint</TimingStatus>
        </From>
        <To SequenceNumber="14">
          <StopPointRef>1590015201</StopPointRef>
          <TimingStatus>otherPoint</TimingStatus>
        </To>
        <RouteLinkRef>rl_0000_13</RouteLinkRef>
        <RunTime>PT1M</RunTime>
      </JourneyPatternTimingLink>
      <JourneyPatternTimingLink id="jptl_14">
        <From SequenceNumber="14">
          <StopPointRef>1590015201</StopPointRef>
          <TimingStatus>otherPoint</TimingStatus>
        </From>
        <To SequenceNumber="15">
          <StopPointRef>1590015401</StopPointRef>
          <TimingStatus>otherPoint</TimingStatus>
        </To>
        <RouteLinkRef>rl_0000_14</RouteLinkRef>
        <RunTime>PT2M</RunTime>
      </JourneyPatternTimingLink>
      <JourneyPatternTimingLink id="jptl_15">
        <From SequenceNumber="15">
          <StopPointRef>1590015401</StopPointRef>
          <TimingStatus>otherPoint</TimingStatus>
        </From>
        <To SequenceNumber="16">
          <StopPointRef>1590705219</StopPointRef>
          <TimingStatus>otherPoint</TimingStatus>
        </To>
        <RouteLinkRef>rl_0000_15</RouteLinkRef>
        <RunTime>PT1M</RunTime>
      </JourneyPatternTimingLink>
      <JourneyPatternTimingLink id="jptl_16">
        <From SequenceNumber="16">
          <StopPointRef>1590705219</StopPointRef>
          <TimingStatus>otherPoint</TimingStatus>
        </From>
        <To SequenceNumber="17">
          <StopPointRef>15906049</StopPointRef>
          <TimingStatus>principalTimingPoint</TimingStatus>
        </To>
        <RouteLinkRef>rl_0000_16</RouteLinkRef>
        <RunTime>PT1M</RunTime>
      </JourneyPatternTimingLink>
      <JourneyPatternTimingLink id="jptl_17">
        <From SequenceNumber="17">
          <StopPointRef>15906049</StopPointRef>
          <TimingStatus>principalTimingPoint</TimingStatus>
        </From>
        <To SequenceNumber="18">
          <StopPointRef>1590700101</StopPointRef>
          <TimingStatus>otherPoint</TimingStatus>
        </To>
        <RouteLinkRef>rl_0000_17</RouteLinkRef>
        <RunTime>PT2M</RunTime>
      </JourneyPatternTimingLink>
      <JourneyPatternTimingLink id="jptl_18">
        <From SequenceNumber="18">
          <StopPointRef>1590700101</StopPointRef>
          <TimingStatus>otherPoint</TimingStatus>
        </From>
        <To SequenceNumber="19">
          <StopPointRef>1590019201</StopPointRef>
          <TimingStatus>otherPoint</TimingStatus>
        </To>
        <RouteLinkRef>rl_0000_18</RouteLinkRef>
        <RunTime>PT1M</RunTime>
      </JourneyPatternTimingLink>
      <JourneyPatternTimingLink id="jptl_19">
        <From SequenceNumber="19">
          <StopPointRef>1590019201</StopPointRef>
          <TimingStatus>otherPoint</TimingStatus>
        </From>
        <To SequenceNumber="20">
          <StopPointRef>1590019501</StopPointRef>
          <TimingStatus>otherPoint</TimingStatus>
        </To>
        <RouteLinkRef>rl_0000_19</RouteLinkRef>
        <RunTime>PT1M</RunTime>
      </JourneyPatternTimingLink>
      <JourneyPatternTimingLink id="jptl_20">
        <From SequenceNumber="20">
          <StopPointRef>1590019501</StopPointRef>
          <TimingStatus>otherPoint</TimingStatus>
        </From>
        <To SequenceNumber="21">
          <StopPointRef>1590019701</StopPointRef>
          <TimingStatus>otherPoint</TimingStatus>
        </To>
        <RouteLinkRef>rl_0000_20</RouteLinkRef>
        <RunTime>PT1M</RunTime>
      </JourneyPatternTimingLink>
      <JourneyPatternTimingLink id="jptl_21">
        <From SequenceNumber="21">
          <StopPointRef>1590019701</StopPointRef>
          <TimingStatus>otherPoint</TimingStatus>
        </From>
        <To SequenceNumber="22">
          <StopPointRef>1590022801</StopPointRef>
          <TimingStatus>otherPoint</TimingStatus>
        </To>
        <RouteLinkRef>rl_0000_21</RouteLinkRef>
        <RunTime>PT1M</RunTime>
      </JourneyPatternTimingLink>
      <JourneyPatternTimingLink id="jptl_22">
        <From SequenceNumber="22">
          <StopPointRef>1590022801</StopPointRef>
          <TimingStatus>otherPoint</TimingStatus>
        </From>
        <To SequenceNumber="23">
          <StopPointRef>1590023001</StopPointRef>
          <TimingStatus>otherPoint</TimingStatus>
        </To>
        <RouteLinkRef>rl_0000_22</RouteLinkRef>
        <RunTime>PT0S</RunTime>
      </JourneyPatternTimingLink>
      <JourneyPatternTimingLink id="jptl_23">
        <From SequenceNumber="23">
          <StopPointRef>1590023001</StopPointRef>
          <TimingStatus>otherPoint</TimingStatus>
        </From>
        <To SequenceNumber="24">
          <StopPointRef>1590023101</StopPointRef>
          <TimingStatus>principalTimingPoint</TimingStatus>
        </To>
        <RouteLinkRef>rl_0000_23</RouteLinkRef>
        <RunTime>PT1M</RunTime>
      </JourneyPatternTimingLink>
      <JourneyPatternTimingLink id="jptl_24">
        <From SequenceNumber="24">
          <StopPointRef>1590023101</StopPointRef>
          <TimingStatus>principalTimingPoint</TimingStatus>
        </From>
        <To SequenceNumber="25">
          <StopPointRef>1590042601</StopPointRef>
          <TimingStatus>otherPoint</TimingStatus>
        </To>
        <RouteLinkRef>rl_0000_24</RouteLinkRef>
        <RunTime>PT1M</RunTime>
      </JourneyPatternTimingLink>
      <JourneyPatternTimingLink id="jptl_25">
        <From SequenceNumber="25">
          <StopPointRef>1590042601</StopPointRef>
          <TimingStatus>otherPoint</TimingStatus>
        </From>
        <To SequenceNumber="26">
          <StopPointRef>1590025501</StopPointRef>
          <TimingStatus>otherPoint</TimingStatus>
        </To>
        <RouteLinkRef>rl_0000_25</RouteLinkRef>
        <RunTime>PT0S</RunTime>
      </JourneyPatternTimingLink>
      <JourneyPatternTimingLink id="jptl_26">
        <From SequenceNumber="26">
          <StopPointRef>1590025501</StopPointRef>
          <TimingStatus>otherPoint</TimingStatus>
        </From>
        <To SequenceNumber="27">
          <StopPointRef>1590025301</StopPointRef>
          <TimingStatus>principalTimingPoint</TimingStatus>
        </To>
        <RouteLinkRef>rl_0000_26</RouteLinkRef>
        <RunTime>PT1M</RunTime>
      </JourneyPatternTimingLink>
      <JourneyPatternTimingLink id="jptl_27">
        <From SequenceNumber="27">
          <StopPointRef>1590025301</StopPointRef>
          <TimingStatus>principalTimingPoint</TimingStatus>
        </From>
        <To SequenceNumber="28">
          <StopPointRef>1590042701</StopPointRef>
          <TimingStatus>otherPoint</TimingStatus>
        </To>
        <RouteLinkRef>rl_0000_27</RouteLinkRef>
        <RunTime>PT2M</RunTime>
      </JourneyPatternTimingLink>
      <JourneyPatternTimingLink id="jptl_28">
        <From SequenceNumber="28">
          <StopPointRef>1590042701</StopPointRef>
          <TimingStatus>otherPoint</TimingStatus>
        </From>
        <To SequenceNumber="29">
          <StopPointRef>1590029401</StopPointRef>
          <TimingStatus>otherPoint</TimingStatus>
        </To>
        <RouteLinkRef>rl_0000_28</RouteLinkRef>
        <RunTime>PT0S</RunTime>
      </JourneyPatternTimingLink>
      <JourneyPatternTimingLink id="jptl_29">
        <From SequenceNumber="29">
          <StopPointRef>1590029401</StopPointRef>
          <TimingStatus>otherPoint</TimingStatus>
        </From>
        <To SequenceNumber="30">
          <StopPointRef>1590029701</StopPointRef>
          <TimingStatus>principalTimingPoint</TimingStatus>
        </To>
        <RouteLinkRef>rl_0000_29</RouteLinkRef>
        <RunTime>PT1M</RunTime>
      </JourneyPatternTimingLink>
      <JourneyPatternTimingLink id="jptl_30">
        <From SequenceNumber="30">
          <StopPointRef>1590029701</StopPointRef>
          <TimingStatus>principalTimingPoint</TimingStatus>
        </From>
        <To SequenceNumber="31">
          <StopPointRef>15907075103</StopPointRef>
          <TimingStatus>principalTimingPoint</TimingStatus>
        </To>
        <RouteLinkRef>rl_0000_30</RouteLinkRef>
        <RunTime>PT2M</RunTime>
      </JourneyPatternTimingLink>
      <JourneyPatternTimingLink id="jptl_31">
        <From SequenceNumber="31">
          <StopPointRef>15907075103</StopPointRef>
          <TimingStatus>principalTimingPoint</TimingStatus>
        </From>
        <To SequenceNumber="32">
          <StopPointRef>1590027701</StopPointRef>
          <TimingStatus>otherPoint</TimingStatus>
        </To>
        <RouteLinkRef>rl_0000_31</RouteLinkRef>
        <RunTime>PT1M</RunTime>
      </JourneyPatternTimingLink>
      <JourneyPatternTimingLink id="jptl_32">
        <From SequenceNumber="32">
          <StopPointRef>1590027701</StopPointRef>
          <TimingStatus>otherPoint</TimingStatus>
        </From>
        <To SequenceNumber="33">
          <StopPointRef>15907075107</StopPointRef>
          <TimingStatus>otherPoint</TimingStatus>
        </To>
        <RouteLinkRef>rl_0000_32</RouteLinkRef>
        <RunTime>PT0S</RunTime>
      </JourneyPatternTimingLink>
      <JourneyPatternTimingLink id="jptl_33">
        <From SequenceNumber="33">
          <StopPointRef>15907075107</StopPointRef>
          <TimingStatus>otherPoint</TimingStatus>
        </From>
        <To SequenceNumber="34">
          <StopPointRef>1590028001</StopPointRef>
          <TimingStatus>otherPoint</TimingStatus>
        </To>
        <RouteLinkRef>rl_0000_33</RouteLinkRef>
        <RunTime>PT0S</RunTime>
      </JourneyPatternTimingLink>
      <JourneyPatternTimingLink id="jptl_34">
        <From SequenceNumber="34">
          <StopPointRef>1590028001</StopPointRef>
          <TimingStatus>otherPoint</TimingStatus>
        </From>
        <To SequenceNumber="35">
          <StopPointRef>1590028201</StopPointRef>
          <TimingStatus>otherPoint</TimingStatus>
        </To>
        <RouteLinkRef>rl_0000_34</RouteLinkRef>
        <RunTime>PT0S</RunTime>
      </JourneyPatternTimingLink>
      <JourneyPatternTimingLink id="jptl_35">
        <From SequenceNumber="35">
          <StopPointRef>1590028201</StopPointRef>
          <TimingStatus>otherPoint</TimingStatus>
        </From>
        <To SequenceNumber="36">
          <StopPointRef>1590028401</StopPointRef>
          <TimingStatus>otherPoint</TimingStatus>
        </To>
        <RouteLinkRef>rl_0000_35</RouteLinkRef>
        <RunTime>PT1M</RunTime>
      </JourneyPatternTimingLink>
      <JourneyPatternTimingLink id="jptl_36">
        <From SequenceNumber="36">
          <StopPointRef>1590028401</StopPointRef>
          <TimingStatus>otherPoint</TimingStatus>
        </From>
        <To SequenceNumber="37">
          <StopPointRef>1590026601</StopPointRef>
          <TimingStatus>otherPoint</TimingStatus>
        </To>
        <RouteLinkRef>rl_0000_36</RouteLinkRef>
        <RunTime>PT4M</RunTime>
      </JourneyPatternTimingLink>
      <JourneyPatternTimingLink id="jptl_37">
        <From SequenceNumber="37">
          <StopPointRef>1590026601</StopPointRef>
          <TimingStatus>otherPoint</TimingStatus>
        </From>
        <To SequenceNumber="38">
          <StopPointRef>1590705227</StopPointRef>
          <TimingStatus>otherPoint</TimingStatus>
        </To>
        <RouteLinkRef>rl_0000_37</RouteLinkRef>
        <RunTime>PT0S</RunTime>
      </JourneyPatternTimingLink>
      <JourneyPatternTimingLink id="jptl_38">
        <From SequenceNumber="38">
          <StopPointRef>1590705227</StopPointRef>
          <TimingStatus>otherPoint</TimingStatus>
        </From>
        <To SequenceNumber="39">
          <StopPointRef>1590026301</StopPointRef>
          <TimingStatus>otherPoint</TimingStatus>
        </To>
        <RouteLinkRef>rl_0000_38</RouteLinkRef>
        <RunTime>PT1M</RunTime>
      </JourneyPatternTimingLink>
      <JourneyPatternTimingLink id="jptl_39">
        <From SequenceNumber="39">
          <StopPointRef>1590026301</StopPointRef>
          <TimingStatus>otherPoint</TimingStatus>
        </From>
        <To SequenceNumber="40">
          <StopPointRef>1590026201</StopPointRef>
          <TimingStatus>principalTimingPoint</TimingStatus>
        </To>
        <RouteLinkRef>rl_0000_39</RouteLinkRef>
        <RunTime>PT0S</RunTime>
      </JourneyPatternTimingLink>
      <JourneyPatternTimingLink id="jptl_40">
        <From SequenceNumber="40">
          <StopPointRef>1590026201</StopPointRef>
          <TimingStatus>principalTimingPoint</TimingStatus>
        </From>
        <To SequenceNumber="41">
          <Activity>setDown</Activity>
          <StopPointRef>1590705212</StopPointRef>
          <TimingStatus>principalTimingPoint</TimingStatus>
        </To>
        <RouteLinkRef>rl_0000_40</RouteLinkRef>
        <RunTime>PT2M</RunTime>
      </JourneyPatternTimingLink>
    </JourneyPatternSection>
    <JourneyPatternSection id="js_2">
      <JourneyPatternTimingLink id="jptl_41">
        <From SequenceNumber="1">
          <Activity>pickUp</Activity>
          <StopPointRef>1590060107</StopPointRef>
          <TimingStatus>principalTimingPoint</TimingStatus>
        </From>
        <To SequenceNumber="2">
          <StopPointRef>1590012401</StopPointRef>
          <TimingStatus>principalTimingPoint</TimingStatus>
        </To>
        <RouteLinkRef>rl_0001_1</RouteLinkRef>
        <RunTime>PT2M</RunTime>
      </JourneyPatternTimingLink>
      <JourneyPatternTimingLink id="jptl_42">
        <From SequenceNumber="2">
          <StopPointRef>1590012401</StopPointRef>
          <TimingStatus>principalTimingPoint</TimingStatus>
        </From>
        <To SequenceNumber="3">
          <StopPointRef>1590705218</StopPointRef>
          <TimingStatus>principalTimingPoint</TimingStatus>
        </To>
        <RouteLinkRef>rl_0001_2</RouteLinkRef>
        <RunTime>PT2M</RunTime>
      </JourneyPatternTimingLink>
      <JourneyPatternTimingLink id="jptl_43">
        <From SequenceNumber="3">
          <StopPointRef>1590705218</StopPointRef>
          <TimingStatus>principalTimingPoint</TimingStatus>
        </From>
        <To SequenceNumber="4">
          <StopPointRef>1590048201</StopPointRef>
          <TimingStatus>otherPoint</TimingStatus>
        </To>
        <RouteLinkRef>rl_0001_3</RouteLinkRef>
        <RunTime>PT0S</RunTime>
      </JourneyPatternTimingLink>
      <JourneyPatternTimingLink id="jptl_44">
        <From SequenceNumber="4">
          <StopPointRef>1590048201</StopPointRef>
          <TimingStatus>otherPoint</TimingStatus>
        </From>
        <To SequenceNumber="5">
          <StopPointRef>1590013101</StopPointRef>
          <TimingStatus>principalTimingPoint</TimingStatus>
        </To>
        <RouteLinkRef>rl_0001_4</RouteLinkRef>
        <RunTime>PT3M</RunTime>
      </JourneyPatternTimingLink>
      <JourneyPatternTimingLink id="jptl_45">
        <From SequenceNumber="5">
          <StopPointRef>1590013101</StopPointRef>
          <TimingStatus>principalTimingPoint</TimingStatus>
        </From>
        <To SequenceNumber="6">
          <StopPointRef>1590012901</StopPointRef>
          <TimingStatus>otherPoint</TimingStatus>
        </To>
        <RouteLinkRef>rl_0001_5</RouteLinkRef>
        <RunTime>PT1M</RunTime>
      </JourneyPatternTimingLink>
      <JourneyPatternTimingLink id="jptl_46">
        <From SequenceNumber="6">
          <StopPointRef>1590012901</StopPointRef>
          <TimingStatus>otherPoint</TimingStatus>
        </From>
        <To SequenceNumber="7">
          <StopPointRef>1590012701</StopPointRef>
          <TimingStatus>otherPoint</TimingStatus>
        </To>
        <RouteLinkRef>rl_0001_6</RouteLinkRef>
        <RunTime>PT1M</RunTime>
      </JourneyPatternTimingLink>
      <JourneyPatternTimingLink id="jptl_47">
        <From SequenceNumber="7">
          <StopPointRef>1590012701</StopPointRef>
          <TimingStatus>otherPoint</TimingStatus>
        </From>
        <To SequenceNumber="8">
          <StopPointRef>159007075130</StopPointRef>
          <TimingStatus>otherPoint</TimingStatus>
        </To>
        <RouteLinkRef>rl_0001_7</RouteLinkRef>
        <RunTime>PT1M</RunTime>
      </JourneyPatternTimingLink>
      <JourneyPatternTimingLink id="jptl_48">
        <From SequenceNumber="8">
          <StopPointRef>159007075130</StopPointRef>
          <TimingStatus>otherPoint</TimingStatus>
        </From>
        <To SequenceNumber="9">
          <StopPointRef>1590013701</StopPointRef>
          <TimingStatus>principalTimingPoint</TimingStatus>
        </To>
        <RouteLinkRef>rl_0001_8</RouteLinkRef>
        <RunTime>PT1M</RunTime>
      </JourneyPatternTimingLink>
      <JourneyPatternTimingLink id="jptl_49">
        <From SequenceNumber="9">
          <StopPointRef>1590013701</StopPointRef>
          <TimingStatus>principalTimingPoint</TimingStatus>
        </From>
        <To SequenceNumber="10">
          <StopPointRef>1590013801</StopPointRef>
          <TimingStatus>otherPoint</TimingStatus>
        </To>
        <RouteLinkRef>rl_0001_9</RouteLinkRef>
        <RunTime>PT0S</RunTime>
      </JourneyPatternTimingLink>
      <JourneyPatternTimingLink id="jptl_50">
        <From SequenceNumber="10">
          <StopPointRef>1590013801</StopPointRef>
          <TimingStatus>otherPoint</TimingStatus>
        </From>
        <To SequenceNumber="11">
          <StopPointRef>1590014601</StopPointRef>
          <TimingStatus>principalTimingPoint</TimingStatus>
        </To>
        <RouteLinkRef>rl_0001_10</RouteLinkRef>
        <RunTime>PT3M</RunTime>
      </JourneyPatternTimingLink>
      <JourneyPatternTimingLink id="jptl_51">
        <From SequenceNumber="11">
          <StopPointRef>1590014601</StopPointRef>
          <TimingStatus>principalTimingPoint</TimingStatus>
        </From>
        <To SequenceNumber="12">
          <StopPointRef>1590014701</StopPointRef>
          <TimingStatus>otherPoint</TimingStatus>
        </To>
        <RouteLinkRef>rl_0001_11</RouteLinkRef>
        <RunTime>PT1M</RunTime>
      </JourneyPatternTimingLink>
      <JourneyPatternTimingLink id="jptl_52">
        <From SequenceNumber="12">
          <StopPointRef>1590014701</StopPointRef>
          <TimingStatus>otherPoint</TimingStatus>
        </From>
        <To SequenceNumber="13">
          <StopPointRef>1590015001</StopPointRef>
          <TimingStatus>otherPoint</TimingStatus>
        </To>
        <RouteLinkRef>rl_0001_12</RouteLinkRef>
        <RunTime>PT1M</RunTime>
      </JourneyPatternTimingLink>
      <JourneyPatternTimingLink id="jptl_53">
        <From SequenceNumber="13">
          <StopPointRef>1590015001</StopPointRef>
          <TimingStatus>otherPoint</TimingStatus>
        </From>
        <To SequenceNumber="14">
          <StopPointRef>1590015201</StopPointRef>
          <TimingStatus>otherPoint</TimingStatus>
        </To>
        <RouteLinkRef>rl_0001_13</RouteLinkRef>
        <RunTime>PT1M</RunTime>
      </JourneyPatternTimingLink>
      <JourneyPatternTimingLink id="jptl_54">
        <From SequenceNumber="14">
          <StopPointRef>1590015201</StopPointRef>
          <TimingStatus>otherPoint</TimingStatus>
        </From>
        <To SequenceNumber="15">
          <StopPointRef>1590015401</StopPointRef>
          <TimingStatus>otherPoint</TimingStatus>
        </To>
        <RouteLinkRef>rl_0001_14</RouteLinkRef>
        <RunTime>PT3M</RunTime>
      </JourneyPatternTimingLink>
      <JourneyPatternTimingLink id="jptl_55">
        <From SequenceNumber="15">
          <StopPointRef>1590015401</StopPointRef>
          <TimingStatus>otherPoint</TimingStatus>
        </From>
        <To SequenceNumber="16">
          <StopPointRef>1590705219</StopPointRef>
          <TimingStatus>otherPoint</TimingStatus>
        </To>
        <RouteLinkRef>rl_0001_15</RouteLinkRef>
        <RunTime>PT2M</RunTime>
      </JourneyPatternTimingLink>
      <JourneyPatternTimingLink id="jptl_56">
        <From SequenceNumber="16">
          <StopPointRef>1590705219</StopPointRef>
          <TimingStatus>otherPoint</TimingStatus>
        </From>
        <To SequenceNumber="17">
          <StopPointRef>15906049</StopPointRef>
          <TimingStatus>principalTimingPoint</TimingStatus>
        </To>
        <RouteLinkRef>rl_0001_16</RouteLinkRef>
        <RunTime>PT2M</RunTime>
      </JourneyPatternTimingLink>
      <JourneyPatternTimingLink id="jptl_57">
        <From SequenceNumber="17">
          <StopPointRef>15906049</StopPointRef>
          <TimingStatus>principalTimingPoint</TimingStatus>
        </From>
        <To SequenceNumber="18">
          <StopPointRef>1590700101</StopPointRef>
          <TimingStatus>otherPoint</TimingStatus>
        </To>
        <RouteLinkRef>rl_0001_17</RouteLinkRef>
        <RunTime>PT3M</RunTime>
      </JourneyPatternTimingLink>
      <JourneyPatternTimingLink id="jptl_58">
        <From SequenceNumber="18">
          <StopPointRef>1590700101</StopPointRef>
          <TimingStatus>otherPoint</TimingStatus>
        </From>
        <To SequenceNumber="19">
          <StopPointRef>1590019201</StopPointRef>
          <TimingStatus>otherPoint</TimingStatus>
        </To>
        <RouteLinkRef>rl_0001_18</RouteLinkRef>
        <RunTime>PT1M</RunTime>
      </JourneyPatternTimingLink>
      <JourneyPatternTimingLink id="jptl_59">
        <From SequenceNumber="19">
          <StopPointRef>1590019201</StopPointRef>
          <TimingStatus>otherPoint</TimingStatus>
        </From>
        <To SequenceNumber="20">
          <StopPointRef>1590019501</StopPointRef>
          <TimingStatus>otherPoint</TimingStatus>
        </To>
        <RouteLinkRef>rl_0001_19</RouteLinkRef>
        <RunTime>PT1M</RunTime>
      </JourneyPatternTimingLink>
      <JourneyPatternTimingLink id="jptl_60">
        <From SequenceNumber="20">
          <StopPointRef>1590019501</StopPointRef>
          <TimingStatus>otherPoint</TimingStatus>
        </From>
        <To SequenceNumber="21">
          <StopPointRef>1590019701</StopPointRef>
          <TimingStatus>otherPoint</TimingStatus>
        </To>
        <RouteLinkRef>rl_0001_20</RouteLinkRef>
        <RunTime>PT2M</RunTime>
      </JourneyPatternTimingLink>
      <JourneyPatternTimingLink id="jptl_61">
        <From SequenceNumber="21">
          <StopPointRef>1590019701</StopPointRef>
          <TimingStatus>otherPoint</TimingStatus>
        </From>
        <To SequenceNumber="22">
          <StopPointRef>1590022801</StopPointRef>
          <TimingStatus>otherPoint</TimingStatus>
        </To>
        <RouteLinkRef>rl_0001_21</RouteLinkRef>
        <RunTime>PT0S</RunTime>
      </JourneyPatternTimingLink>
      <JourneyPatternTimingLink id="jptl_62">
        <From SequenceNumber="22">
          <StopPointRef>1590022801</StopPointRef>
          <TimingStatus>otherPoint</TimingStatus>
        </From>
        <To SequenceNumber="23">
          <StopPointRef>1590023001</StopPointRef>
          <TimingStatus>otherPoint</TimingStatus>
        </To>
        <RouteLinkRef>rl_0001_22</RouteLinkRef>
        <RunTime>PT1M</RunTime>
      </JourneyPatternTimingLink>
      <JourneyPatternTimingLink id="jptl_63">
        <From SequenceNumber="23">
          <StopPointRef>1590023001</StopPointRef>
          <TimingStatus>otherPoint</TimingStatus>
        </From>
        <To SequenceNumber="24">
          <StopPointRef>1590023101</StopPointRef>
          <TimingStatus>principalTimingPoint</TimingStatus>
        </To>
        <RouteLinkRef>rl_0001_23</RouteLinkRef>
        <RunTime>PT1M</RunTime>
      </JourneyPatternTimingLink>
      <JourneyPatternTimingLink id="jptl_64">
        <From SequenceNumber="24">
          <StopPointRef>1590023101</StopPointRef>
          <TimingStatus>principalTimingPoint</TimingStatus>
        </From>
        <To SequenceNumber="25">
          <StopPointRef>1590042601</StopPointRef>
          <TimingStatus>otherPoint</TimingStatus>
        </To>
        <RouteLinkRef>rl_0001_24</RouteLinkRef>
        <RunTime>PT1M</RunTime>
      </JourneyPatternTimingLink>
      <JourneyPatternTimingLink id="jptl_65">
        <From SequenceNumber="25">
          <StopPointRef>1590042601</StopPointRef>
          <TimingStatus>otherPoint</TimingStatus>
        </From>
        <To SequenceNumber="26">
          <StopPointRef>1590025501</StopPointRef>
          <TimingStatus>otherPoint</TimingStatus>
        </To>
        <RouteLinkRef>rl_0001_25</RouteLinkRef>
        <RunTime>PT1M</RunTime>
      </JourneyPatternTimingLink>
      <JourneyPatternTimingLink id="jptl_66">
        <From SequenceNumber="26">
          <StopPointRef>1590025501</StopPointRef>
          <TimingStatus>otherPoint</TimingStatus>
        </From>
        <To SequenceNumber="27">
          <StopPointRef>1590025301</StopPointRef>
          <TimingStatus>principalTimingPoint</TimingStatus>
        </To>
        <RouteLinkRef>rl_0001_26</RouteLinkRef>
        <RunTime>PT1M</RunTime>
      </JourneyPatternTimingLink>
      <JourneyPatternTimingLink id="jptl_67">
        <From SequenceNumber="27">
          <StopPointRef>1590025301</StopPointRef>
          <TimingStatus>principalTimingPoint</TimingStatus>
        </From>
        <To SequenceNumber="28">
          <StopPointRef>1590042701</StopPointRef>
          <TimingStatus>otherPoint</TimingStatus>
        </To>
        <RouteLinkRef>rl_0001_27</RouteLinkRef>
        <RunTime>PT2M</RunTime>
      </JourneyPatternTimingLink>
      <JourneyPatternTimingLink id="jptl_68">
        <From SequenceNumber="28">
          <StopPointRef>1590042701</StopPointRef>
          <TimingStatus>otherPoint</TimingStatus>
        </From>
        <To SequenceNumber="29">
          <StopPointRef>1590029401</StopPointRef>
          <TimingStatus>otherPoint</TimingStatus>
        </To>
        <RouteLinkRef>rl_0001_28</RouteLinkRef>
        <RunTime>PT1M</RunTime>
      </JourneyPatternTimingLink>
      <JourneyPatternTimingLink id="jptl_69">
        <From SequenceNumber="29">
          <StopPointRef>1590029401</StopPointRef>
          <TimingStatus>otherPoint</TimingStatus>
        </From>
        <To SequenceNumber="30">
          <StopPointRef>1590029701</StopPointRef>
          <TimingStatus>principalTimingPoint</TimingStatus>
        </To>
        <RouteLinkRef>rl_0001_29</RouteLinkRef>
        <RunTime>PT1M</RunTime>
      </JourneyPatternTimingLink>
      <JourneyPatternTimingLink id="jptl_70">
        <From SequenceNumber="30">
          <StopPointRef>1590029701</StopPointRef>
          <TimingStatus>principalTimingPoint</TimingStatus>
        </From>
        <To SequenceNumber="31">
          <StopPointRef>15907075103</StopPointRef>
          <TimingStatus>principalTimingPoint</TimingStatus>
        </To>
        <RouteLinkRef>rl_0001_30</RouteLinkRef>
        <RunTime>PT2M</RunTime>
      </JourneyPatternTimingLink>
      <JourneyPatternTimingLink id="jptl_71">
        <From SequenceNumber="31">
          <StopPointRef>15907075103</StopPointRef>
          <TimingStatus>principalTimingPoint</TimingStatus>
        </From>
        <To SequenceNumber="32">
          <StopPointRef>1590027701</StopPointRef>
          <TimingStatus>otherPoint</TimingStatus>
        </To>
        <RouteLinkRef>rl_0001_31</RouteLinkRef>
        <RunTime>PT1M</RunTime>
      </JourneyPatternTimingLink>
      <JourneyPatternTimingLink id="jptl_72">
        <From SequenceNumber="32">
          <StopPointRef>1590027701</StopPointRef>
          <TimingStatus>otherPoint</TimingStatus>
        </From>
        <To SequenceNumber="33">
          <StopPointRef>15907075107</StopPointRef>
          <TimingStatus>otherPoint</TimingStatus>
        </To>
        <RouteLinkRef>rl_0001_32</RouteLinkRef>
        <RunTime>PT0S</RunTime>
      </JourneyPatternTimingLink>
      <JourneyPatternTimingLink id="jptl_73">
        <From SequenceNumber="33">
          <StopPointRef>15907075107</StopPointRef>
          <TimingStatus>otherPoint</TimingStatus>
        </From>
        <To SequenceNumber="34">
          <StopPointRef>1590028001</StopPointRef>
          <TimingStatus>otherPoint</TimingStatus>
        </To>
        <RouteLinkRef>rl_0001_33</RouteLinkRef>
        <RunTime>PT0S</RunTime>
      </JourneyPatternTimingLink>
      <JourneyPatternTimingLink id="jptl_74">
        <From SequenceNumber="34">
          <StopPointRef>1590028001</StopPointRef>
          <TimingStatus>otherPoint</TimingStatus>
        </From>
        <To SequenceNumber="35">
          <StopPointRef>1590028201</StopPointRef>
          <TimingStatus>otherPoint</TimingStatus>
        </To>
        <RouteLinkRef>rl_0001_34</RouteLinkRef>
        <RunTime>PT0S</RunTime>
      </JourneyPatternTimingLink>
      <JourneyPatternTimingLink id="jptl_75">
        <From SequenceNumber="35">
          <StopPointRef>1590028201</StopPointRef>
          <TimingStatus>otherPoint</TimingStatus>
        </From>
        <To SequenceNumber="36">
          <StopPointRef>1590028401</StopPointRef>
          <TimingStatus>otherPoint</TimingStatus>
        </To>
        <RouteLinkRef>rl_0001_35</RouteLinkRef>
        <RunTime>PT1M</RunTime>
      </JourneyPatternTimingLink>
      <JourneyPatternTimingLink id="jptl_76">
        <From SequenceNumber="36">
          <StopPointRef>1590028401</StopPointRef>
          <TimingStatus>otherPoint</TimingStatus>
        </From>
        <To SequenceNumber="37">
          <StopPointRef>1590026601</StopPointRef>
          <TimingStatus>otherPoint</TimingStatus>
        </To>
        <RouteLinkRef>rl_0001_36</RouteLinkRef>
        <RunTime>PT4M</RunTime>
      </JourneyPatternTimingLink>
      <JourneyPatternTimingLink id="jptl_77">
        <From SequenceNumber="37">
          <StopPointRef>1590026601</StopPointRef>
          <TimingStatus>otherPoint</TimingStatus>
        </From>
        <To SequenceNumber="38">
          <StopPointRef>1590705227</StopPointRef>
          <TimingStatus>otherPoint</TimingStatus>
        </To>
        <RouteLinkRef>rl_0001_37</RouteLinkRef>
        <RunTime>PT0S</RunTime>
      </JourneyPatternTimingLink>
      <JourneyPatternTimingLink id="jptl_78">
        <From SequenceNumber="38">
          <StopPointRef>1590705227</StopPointRef>
          <TimingStatus>otherPoint</TimingStatus>
        </From>
        <To SequenceNumber="39">
          <StopPointRef>1590026301</StopPointRef>
          <TimingStatus>otherPoint</TimingStatus>
        </To>
        <RouteLinkRef>rl_0001_38</RouteLinkRef>
        <RunTime>PT1M</RunTime>
      </JourneyPatternTimingLink>
      <JourneyPatternTimingLink id="jptl_79">
        <From SequenceNumber="39">
          <StopPointRef>1590026301</StopPointRef>
          <TimingStatus>otherPoint</TimingStatus>
        </From>
        <To SequenceNumber="40">
          <StopPointRef>1590026201</StopPointRef>
          <TimingStatus>principalTimingPoint</TimingStatus>
        </To>
        <RouteLinkRef>rl_0001_39</RouteLinkRef>
        <RunTime>PT0S</RunTime>
      </JourneyPatternTimingLink>
      <JourneyPatternTimingLink id="jptl_80">
        <From SequenceNumber="40">
          <StopPointRef>1590026201</StopPointRef>
          <TimingStatus>principalTimingPoint</TimingStatus>
        </From>
        <To SequenceNumber="41">
          <Activity>setDown</Activity>
          <StopPointRef>1590705212</StopPointRef>
          <TimingStatus>principalTimingPoint</TimingStatus>
        </To>
        <RouteLinkRef>rl_0001_40</RouteLinkRef>
        <RunTime>PT2M</RunTime>
      </JourneyPatternTimingLink>
    </JourneyPatternSection>
  </JourneyPatternSections>
  <Operators>
    <Operator id="tkt_oid">
      <NationalOperatorCode>ENSB</NationalOperatorCode>
      <OperatorCode>ENS</OperatorCode>
      <OperatorShortName>Ensignbus</OperatorShortName>
      <LicenceNumber>PF0001961</LicenceNumber>
    </Operator>
  </Operators>
  <Services>
    <Service>
      <ServiceCode>PF0001961:32</ServiceCode>
      <Lines>
        <Line id="ENSB:PF0001961:32:73">
          <LineName>73</LineName>
          <OutboundDescription>
            <Description>Lakeside to Tilbury</Description>
          </OutboundDescription>
          <InboundDescription>
            <Description>Tilbury to Lakeside</Description>
          </InboundDescription>
        </Line>
      </Lines>
      <OperatingPeriod>
        <StartDate>2025-12-27</StartDate>
        <EndDate>2026-03-21</EndDate>
      </OperatingPeriod>
      <OperatingProfile>
        <RegularDayType>
          <DaysOfWeek>
            <Saturday />
          </DaysOfWeek>
        </RegularDayType>
        <BankHolidayOperation>
          <DaysOfNonOperation>
            <ChristmasDay />
            <BoxingDay />
            <GoodFriday />
            <NewYearsDay />
            <LateSummerBankHolidayNotScotland />
            <MayDay />
            <EasterMonday />
            <SpringBank />
            <ChristmasDayHoliday />
            <BoxingDayHoliday />
            <NewYearsDayHoliday />
            <ChristmasEve />
            <NewYearsEve />
          </DaysOfNonOperation>
        </BankHolidayOperation>
      </OperatingProfile>
      <RegisteredOperatorRef>tkt_oid</RegisteredOperatorRef>
      <PublicUse>true</PublicUse>
      <StandardService>
        <Origin>Lakeside</Origin>
        <Destination>Tilbury</Destination>
        <JourneyPattern id="jp_1">
          <DestinationDisplay>Amazon Tilbury</DestinationDisplay>
          <OperatorRef>tkt_oid</OperatorRef>
          <Direction>outbound</Direction>
          <RouteRef>rt_0000</RouteRef>
          <JourneyPatternSectionRefs>js_1</JourneyPatternSectionRefs>
        </JourneyPattern>
        <JourneyPattern id="jp_2">
          <DestinationDisplay>Amazon Tilbury</DestinationDisplay>
          <OperatorRef>tkt_oid</OperatorRef>
          <Direction>outbound</Direction>
          <RouteRef>rt_0001</RouteRef>
          <JourneyPatternSectionRefs>js_2</JourneyPatternSectionRefs>
        </JourneyPattern>
      </StandardService>
    </Service>
  </Services>
  <VehicleJourneys>
    <VehicleJourney>
      <OperatorRef>tkt_oid</OperatorRef>
      <Operational>
        <TicketMachine>
          <JourneyCode>103</JourneyCode>
        </TicketMachine>
      </Operational>
      <VehicleJourneyCode>vj_1</VehicleJourneyCode>
      <ServiceRef>PF0001961:32</ServiceRef>
      <LineRef>ENSB:PF0001961:32:73</LineRef>
      <JourneyPatternRef>jp_1</JourneyPatternRef>
      <DepartureTime>06:25:00</DepartureTime>
    </VehicleJourney>
    <VehicleJourney>
      <OperatorRef>tkt_oid</OperatorRef>
      <Operational>
        <TicketMachine>
          <JourneyCode>105</JourneyCode>
        </TicketMachine>
      </Operational>
      <VehicleJourneyCode>vj_2</VehicleJourneyCode>
      <ServiceRef>PF0001961:32</ServiceRef>
      <LineRef>ENSB:PF0001961:32:73</LineRef>
      <JourneyPatternRef>jp_1</JourneyPatternRef>
      <DepartureTime>06:55:00</DepartureTime>
    </VehicleJourney>
    <VehicleJourney>
      <OperatorRef>tkt_oid</OperatorRef>
      <Operational>
        <TicketMachine>
          <JourneyCode>147</JourneyCode>
        </TicketMachine>
      </Operational>
      <VehicleJourneyCode>vj_3</VehicleJourneyCode>
      <ServiceRef>PF0001961:32</ServiceRef>
      <LineRef>ENSB:PF0001961:32:73</LineRef>
      <JourneyPatternRef>jp_2</JourneyPatternRef>
      <DepartureTime>16:59:00</DepartureTime>
    </VehicleJourney>
    <VehicleJourney>
      <OperatorRef>tkt_oid</OperatorRef>
      <Operational>
        <TicketMachine>
          <JourneyCode>151</JourneyCode>
        </TicketMachine>
      </Operational>
      <VehicleJourneyCode>vj_4</VehicleJourneyCode>
      <ServiceRef>PF0001961:32</ServiceRef>
      <LineRef>ENSB:PF0001961:32:73</LineRef>
      <JourneyPatternRef>jp_2</JourneyPatternRef>
      <DepartureTime>17:35:00</DepartureTime>
    </VehicleJourney>
  </VehicleJourneys>
</TransXChange>